Indicator Name,Indicator Code,1960,1961,1962,1963,1964,1965,1966,1967,1968,1969,1970,1971,1972,1973,1974,1975,1976,1977,1978,1979,1980,1981,1982,1983,1984,1985,1986,1987,1988,1989,1990,1991,1992,1993,1994,1995,1996,1997,1998,1999,2000,2001,2002,2003,2004,2005,2006,2007,2008,2009,2010,2011,2012,2013,2014,2015,2016,2017,2018,2019,2020,2021,2022,2023,2024
"Population, male",SP.POP.TOTL.MA.IN,25312740,25534914,25789866,26012327,26197333,26373308,26523183,26668441,26797084,26908751,27025789,27157404,27263049,27323970,27352152,27360725,27358678,27346847,27345633,27373386,27407572,27411411,27395187,27431430,27498996,27548663,27597465,27667483,27599370,27525127,27606153,27686519,27796319,27899750,27973294,28058028,28143586,28227253,28320210,28428194,28548939,28682562,28826723,28981945,29166834,29386494,29624501,29881244,30143152,30395758,30663244,30931756,31173051,31402457,31660986,31919868,32205169,32400670,32572535,32757025,32829768,32961192,33275081,33718583,34087728
"Age dependency ratio, old (% of working-age population)",SP.POP.DPND.OL,18.00525853,18.11467829,18.16883975,18.33264656,18.63819114,18.97402511,19.30700278,19.67439326,20.06613846,20.45413121,20.85616352,21.25079556,21.60510729,21.93337499,22.26040096,22.54685115,22.75817993,22.94845622,23.148745,23.31264183,23.41749012,23.4169014,23.25648964,22.95910573,22.81911759,23.03145383,23.33346757,23.55056146,23.92593714,24.27843914,24.42612208,24.57914808,24.70884525,24.77155454,24.79159979,24.79196499,24.76132985,24.70426018,24.61198906,24.48944549,24.37989192,24.32226036,24.29490234,24.29192169,24.2947848,24.22839639,24.11995306,24.107245,24.24665298,24.5034008,24.79154395,25.25963139,26.00821925,26.71180184,27.22787414,27.61482741,27.93576583,28.28127025,28.66233911,29.05855181,29.33378164,29.50301728,29.83951298,30.36669282,30.79793097
"Population ages 80 and above, female (% of female population)",SP.POP.80UP.FE.5Y,2.4696324,2.52989203,2.575077785,2.611790109,2.668303403,2.765631672,2.870394876,2.956597343,3.019963902,3.081089608,3.147089729,3.209587563,3.263960995,3.309842761,3.361342995,3.426280838,3.490189575,3.557474556,3.635983862,3.720423319,3.830932334,3.957366359,4.075180173,4.19303476,4.320489219,4.436463156,4.540912153,4.662361715,4.76757999,4.851424961,4.949886898,5.041820057,5.134806706,5.220859754,5.304716321,5.376148052,5.396010079,5.359680009,5.274982039,5.238772317,5.331986898,5.463402294,5.544618326,5.579097026,5.595289283,5.613278997,5.630601952,5.641163287,5.636908555,5.649313864,5.682058654,5.715980322,5.729991341,5.721246624,5.722523509,5.72238601,5.72681873,5.751903823,5.779726746,5.827276922,5.852093797,5.832706417,5.866159041,5.976624623,6.110167748
"Population ages 70-74, female (% of female population)",SP.POP.7074.FE.5Y,3.87593671,3.889389457,3.898851874,3.919837,3.942791066,3.965781176,4.002406214,4.04004796,4.078140701,4.136845968,4.225779796,4.320267911,4.399218057,4.477114662,4.553324193,4.606976884,4.648365585,4.697764493,4.750436692,4.790945454,4.812680082,4.818975981,4.815464917,4.811274345,4.797786155,4.755154941,4.664757803,4.508293381,4.317951057,4.202560159,4.260494876,4.399942783,4.545859749,4.713908875,4.779541641,4.675943905,4.534033319,4.429912716,4.34707691,4.292097149,4.255671842,4.218964282,4.169899737,4.115963612,4.059423355,4.003364574,3.966519253,3.966599208,3.988608512,4.014343793,4.016688795,3.998041414,4.020916528,4.103310637,4.214907052,4.341883289,4.540444029,4.800995883,4.983710629,5.056564462,5.088581758,5.091308914,4.991005331,4.878313874,4.85545255
"Population ages 65 and above, male",SP.POP.65UP.MA.IN,2364005,2383228,2402836,2435705,2482475,2528336,2572085,2624102,2680238,2735113,2794069,2856393,2915051,2970771,3027067,3079999,3127798,3176113,3226641,3274260,3313604,3334341,3329949,3305944,3304659,3353588,3415323,3463879,3530291,3593945,3632834,3671679,3706774,3733620,3757344,3783644,3809262,3834214,3857502,3880287,3911439,3954185,4000049,4046929,4100381,4152415,4197438,4253348,4330767,4422086,4518174,4647563,4821643,4986167,5122074,5233300,5332668,5416396,5504075,5598123,5654210,5711007,5831447,6006822,6155664
"Population ages 65-69, female (% of female population)",SP.POP.6569.FE.5Y,4.777859028,4.808945067,4.830361619,4.851966511,4.900803276,4.978231361,5.054633325,5.126543755,5.207027472,5.2765674,5.315079987,5.341384055,5.375490796,5.417060851,5.455026965,5.475175636,5.475898607,5.467326348,5.455990348,5.440882675,5.400667469,5.303977974,5.129410378,4.885372096,4.729056612,4.800061315,4.975809079,5.154618841,5.337040537,5.402676655,5.270646504,5.09288553,4.967908452,4.870125618,4.802009007,4.751137802,4.697793284,4.631972965,4.563965875,4.501210128,4.449654473,4.423632318,4.435715554,4.466055753,4.495116994,4.492167479,4.456308634,4.459410302,4.530783923,4.639490852,4.768286859,4.977096942,5.254427981,5.446572016,5.515405012,5.537265396,5.478006757,5.32731027,5.224639038,5.20922152,5.226541201,5.257719883,5.308589474,5.391673813,5.460343154
"Population ages 55-59, female (% of female population)",SP.POP.5559.FE.5Y,6.356118146,6.385036306,6.408484624,6.444504424,6.471753711,6.461581002,6.429360922,6.379670696,6.324213374,6.269642524,6.193815407,6.064429608,5.858568092,5.578927386,5.397271193,5.474940034,5.679957984,5.890336907,6.105460668,6.187323268,6.032166211,5.814132689,5.666339465,5.559554358,5.4835058,5.424003803,5.360537939,5.288569028,5.183163144,5.068719212,4.979926918,4.925755607,4.929572665,4.967335807,5.015367218,5.039641085,5.035736494,5.07013714,5.167445325,5.302560446,5.469014696,5.720796368,6.031261753,6.241997303,6.310192308,6.311808527,6.224082576,6.034035011,5.888737658,5.844157447,5.84236122,5.878273997,5.935308205,6.00415356,6.071303756,6.138686415,6.224944945,6.314762657,6.390958089,6.466589446,6.539714117,6.587286687,6.639533664,6.711754519,6.764202499
"Population ages 45-49, female (% of female population)",SP.POP.4549.FE.5Y,6.961608873,6.794059691,6.549395841,6.211304711,5.963981851,5.996492758,6.171070551,6.367984848,6.57668693,6.63841751,6.455501523,6.210611321,6.034596427,5.906879717,5.816401406,5.747324266,5.681406971,5.606349812,5.518080943,5.42676061,5.352185565,5.311188928,5.315006077,5.361303518,5.414892022,5.425497065,5.400632212,5.415011753,5.485568972,5.601283922,5.768020418,6.030154446,6.375647947,6.626522741,6.726726711,6.763260098,6.703552524,6.529387837,6.39917689,6.374715269,6.396304977,6.448759024,6.511948865,6.584357236,6.648842841,6.707048212,6.784874291,6.864734773,6.928086967,6.986592478,7.052476632,7.088966791,7.102325679,7.129047559,7.146636973,7.113752225,7.082148773,7.030134619,6.870118468,6.662947806,6.526278748,6.349182242,6.126370593,5.999677147,5.957656048
"Population ages 35-39, female (% of female population)",SP.POP.3539.FE.5Y,6.958696382,6.701895774,6.507329232,6.346719341,6.209008619,6.098541017,5.989232808,5.87153955,5.748781407,5.629431629,5.528782225,5.465130347,5.452518482,5.485495682,5.534744615,5.554126734,5.540941851,5.562150538,5.656565124,5.790408535,5.945667903,6.206547685,6.566752669,6.848410588,6.989097112,7.059868276,7.014839242,6.819871897,6.635843196,6.571127452,6.58364415,6.639875285,6.710432534,6.796570739,6.890074006,6.984313141,7.098399227,7.208382892,7.29501744,7.380207378,7.478247981,7.546278982,7.582247409,7.616847629,7.633576193,7.587830296,7.539113291,7.469935068,7.286673508,7.05583068,6.838301307,6.580018323,6.33977332,6.222851083,6.212561992,6.28316084,6.394257989,6.509854946,6.593949341,6.622460353,6.638134478,6.663486917,6.657264201,6.597980268,6.553069168
"Population ages 25-29, female (% of female population)",SP.POP.2529.FE.5Y,5.986833772,5.923804766,5.906702949,5.909816082,5.92624725,5.932712372,5.903144309,5.889089531,5.934298134,6.02155594,6.143956381,6.386052692,6.733376573,7.003747453,7.134946949,7.2032439,7.162812909,6.969706332,6.771510324,6.652658373,6.587016019,6.574034814,6.61226818,6.729326524,6.896627212,7.077933821,7.27739827,7.467280379,7.528499534,7.541796823,7.623522706,7.665289638,7.678676197,7.690915522,7.680361603,7.616034783,7.549649278,7.460992192,7.262812314,7.031818705,6.829103212,6.575237302,6.321097072,6.196764861,6.202815901,6.311437321,6.466067648,6.619126357,6.727831802,6.777004329,6.807284363,6.812636947,6.76525611,6.665012696,6.591995618,6.556844673,6.531857906,6.536720158,6.567700675,6.55418403,6.487426337,6.439033662,6.357263285,6.250378545,6.169590093
"Population ages 15-64, total",SP.POP.1564.TO,34036912,34274978,34595847,34824530,34931099,34998030,35024556,35030417,35012307,34986717,34979813,35011301,35052772,35088175,35126591,35196254,35320241,35474578,35643604,35843857,36057895,36258828,36472869,36735220,36975343,37111982,37196936,37279073,37237881,37173510,37200072,37207327,37202123,37225516,37303345,37429998,37570785,37717697,37892939,38111259,38383591,38670049,38932373,39149801,39409779,39782765,40189220,40568941,40879069,41122549,41364955,41540721,41578729,41606875,41732362,41883749,42076108,42156197,42221097,42323933,42334303,42499043,42888267,43391551,43830571
"Population ages 15-64, female",SP.POP.1564.FE.IN,17357287,17438016,17555788,17635756,17665683,17681233,17680311,17672696,17654751,17630238,17611274,17607992,17611287,17614325,17616595,17634623,17687656,17763264,17844001,17933279,18030280,18128736,18236018,18341707,18436320,18507393,18558548,18586844,18685749,18794585,18819924,18840824,18821089,18814606,18864899,18932874,19009460,19094848,19193627,19311382,19451702,19592944,19722303,19837965,19978846,20171862,20375791,20559281,20707110,20820559,20926522,21003022,21021811,21036594,21094187,21156654,21235703,21262232,21284626,21320661,21307458,21374840,21555838,21794088,21998793
"Population ages 10-14, female (% of female population)",SP.POP.1014.FE.5Y,7.683474061,7.522780442,7.230495239,6.966355918,6.78937814,6.673549106,6.617096039,6.627952552,6.689954791,6.794154428,6.954137169,7.152107298,7.345673632,7.529928872,7.704026759,7.834358955,7.899482632,7.907616236,7.861174766,7.756802492,7.621008198,7.478181976,7.302175391,7.07840253,6.805435906,6.493744489,6.169516446,5.872243769,5.726420098,5.72052259,5.771255704,5.87034691,5.968748671,6.034331253,6.063009948,6.094035577,6.136155939,6.156155847,6.123291216,6.096833083,6.082199754,6.068290571,6.096244176,6.158772016,6.165619899,6.081459877,5.985026274,5.886879466,5.799406506,5.721314719,5.636097225,5.528239146,5.409719381,5.32215449,5.283232444,5.297085968,5.369024368,5.488574103,5.621831244,5.737075208,5.817739809,5.875300922,5.938736251,5.974810762,5.966888474
"Population ages 0-14, total",SP.POP.0014.TO,12234655,12316220,12368489,12441212,12558376,12709485,12861753,13021160,13173775,13298804,13387990,13444742,13460104,13410331,13284063,13093899,12853483,12578046,12301853,12046944,11812467,11584307,11358463,11163550,11009282,10890857,10805125,10743546,10780934,10878053,10960979,11072325,11186064,11271758,11314304,11309400,11293138,11281378,11267995,11237970,11151045,11044194,10979524,10987537,11003605,10979715,10963979,10973469,11016120,11077298,11146399,11225056,11318384,11418179,11524803,11638126,11776609,11887495,11966348,12008345,11991445,11946457,11918083,11923870,11896520
"Population ages 0-14, female",SP.POP.0014.FE.IN,5965545,6001496,6021519,6053364,6108934,6181310,6254899,6334543,6414485,6481645,6524809,6547040,6553591,6530983,6468974,6374804,6255188,6118627,5982464,5858396,5746114,5637329,5530076,5431577,5353968,5300371,5261371,5232171,5263986,5325795,5367807,5423989,5477553,5516539,5536799,5532140,5520139,5511189,5504600,5489940,5445434,5392922,5362920,5364357,5368085,5356538,5350345,5355232,5375694,5405616,5439763,5478562,5523894,5572170,5624066,5678653,5744513,5797186,5834360,5852715,5842732,5820476,5806878,5809571,5796234
Women who were first married by age 18 (% of women ages 20-24),SP.M18.2024.FE.ZS,,,,,,,,,,,,,,,,,,,,,,,,,,,,,,,,,,,,,,,,,,,,,,,,,,,,,,,,,,,,,,0,,,
"Survival to age 65, male (% of cohort)",SP.DYN.TO65.MA.ZS,68.272315,67.817327,67.898122,67.586499,68.662483,68.691705,68.770521,70.012966,69.607479,69.071293,69.639755,70.399919,70.047539,70.402586,70.82889,71.430803,71.361109,72.178997,72.031318,72.226453,73.071209,73.798924,74.324526,74.684542,75.283261,75.542492,75.919189,76.655888,76.96071,77.760242,78.178686,78.739312,79.406232,79.52292,80.403273,80.437064,80.816037,81.439714,81.566036,81.935605,82.510208,82.87486,83.045765,83.314375,84.030553,84.366557,84.347087,84.683433,84.952265,85.431861,85.821332,86.337023,86.754937,86.612676,86.816415,86.667292,86.655961,86.81819,86.642959,86.911155,85.50846,85.455792,85.908931,86.257873,
"Life expectancy at birth, total (years)",SP.DYN.LE00.IN,71.12682927,70.87804878,70.92682927,70.82682927,71.62439024,71.62439024,71.57317073,72.12439024,71.72439024,71.72195122,71.97317073,72.27317073,72.12439024,72.32439024,72.52439024,72.72439024,72.77560976,73.22439024,73.17560976,73.27560976,73.67560976,74.02682927,74.17804878,74.37804878,74.77804878,74.62926829,74.92926829,75.2804878,75.3804878,75.58292683,75.8804878,76.08292683,76.43414634,76.38536585,76.88536585,76.83658537,77.08780488,77.21097561,77.1902439,77.3902439,77.74146341,77.99268293,78.14390244,78.44634146,78.74634146,79.04878049,79.24878049,79.44878049,79.6,80.05121951,80.40243902,80.95121951,80.90487805,81.00487805,81.30487805,80.95609756,81.15609756,81.25609756,81.25609756,81.36912195,80.3317561,80.64731707,81.01121951,81.23809756,
"Mortality rate, infant, female (per 1,000 live births)",SP.DYN.IMRT.FE.IN,20,19.7,19.2,18.8,18.2,17.6,17.1,16.8,16.3,16,15.7,15.4,15,14.5,14,13.5,12.8,12.3,11.8,11.2,10.6,9.9,9.4,9,8.7,8.4,8.1,7.9,7.6,7.2,6.8,6.4,6,5.7,5.5,5.3,5.2,5.2,5.1,5,4.9,4.9,4.8,4.8,4.7,4.6,4.5,4.4,4.3,4.1,4,3.8,3.7,3.6,3.5,3.5,3.5,3.5,3.5,3.5,3.5,3.5,3.6,3.6,
"Birth rate, crude (per 1,000 people)",SP.DYN.CBRT.IN,17.5,17.9,18.3,18.5,18.8,18.3,17.9,17.5,17.2,16.6,16.2,16.1,14.9,13.9,13.1,12.4,12,11.7,12.2,13.1,13.4,13,12.8,12.8,12.9,13.3,13.3,13.7,13.8,13.6,13.9,13.8,13.6,13.2,13,12.6,12.6,12.5,12.3,11.9,11.5,11.3,11.3,11.7,11.9,12,12.3,12.6,12.9,12.7,12.9,12.8,12.8,12.1,12,11.9,11.8,11.4,11,10.645,10.204,10.241,10.1,10.023,
Proportion of population pushed further below the $3.65 ($ 2017 PPP) poverty line by out-of-pocket health care expenditure (%),SH.UHC.FBP2.ZS,,,,,,,,,,,,,,,,,,,,,,,,,,,,,,,,,,,,,,,,0,0,,,,,0,,,,,0.06,,,0,,,0,0,0,0,0,,,,
Tuberculosis treatment success rate (% of new cases),SH.TBS.CURE.ZS,,,,,,,,,,,,,,,,,,,,,,,,,,,,,,,,,,,,,,,,,,67,70,71,71,71,74,76,77,81,81,79,80,82,81,79,81,81,80,78,78,86,84,,
"Prevalence of wasting, weight for height (% of children under 5)",SH.STA.WAST.ZS,,,,,,,,,,,,,,,,,,,,,,,,,,,,,,,,,,,,,,,,,,,,,,,,0.6,0.6,0.5,0.2,1.3,0.4,0.2,0.4,0.4,0.4,0.4,0.4,0.4,,,,,
"Mortality caused by road traffic injury (per 100,000 population)",SH.STA.TRAF.P5,,,,,,,,,,,,,,,,,,,,,,,,,,,,,,,,,,,,,,,,,6.9,7,7.1,7.2,6.9,6.6,6.6,5.8,5.2,4.3,3.7,3.4,3,2.9,3.2,2.9,3,3,3,3.2,,,,,
"Prevalence of stunting, height for age (% of children under 5)",SH.STA.STNT.ZS,,,,,,,,,,,,,,,,,,,,,,,,,,,,,,,,,,,,,,,,,,,,,,,,2.3,2.1,2,2.1,0.9,2.1,2.1,2,2,2,1.9,2,2,,,,,
"Prevalence of stunting, height for age, male (% of children under 5)",SH.STA.STNT.MA.ZS,,,,,,,,,,,,,,,,,,,,,,,,,,,,,,,,,,,,,,,,,,,,,,,,2.2,2,1.9,2,0.9,1.9,2,1.9,2,1.8,1.8,1.8,1.8,,,,,
"People using safely managed sanitation services, rural (% of rural population)",SH.STA.SMSS.RU.ZS,,,,,,,,,,,,,,,,,,,,,,,,,,,,,,,,,,,,,,,,,93.50985964,93.50985964,93.50985964,93.50985964,93.50985964,93.50985964,93.50985964,93.51999059,93.53012155,93.54025251,93.55038346,93.56051442,93.57064537,93.57627368,93.57627368,93.57627368,93.57627368,93.57627368,93.57627368,93.57627368,93.57627368,93.57627368,93.57627368,,
"Prevalence of overweight, weight for height (% of children under 5)",SH.STA.OWGH.ZS,,,,,,,,,,,,,,,,,,,,,,,,,,,,,,,,,,,,,,,,,,,,,,,,7,6.7,6.6,8.9,6.7,6.5,7.7,6.5,16,6.3,9.8,6.5,6.5,,,,,
"Prevalence of overweight, weight for height, male (% of children under 5)",SH.STA.OWGH.MA.ZS,,,,,,,,,,,,,,,,,,,,,,,,,,,,,,,,,,,,,,,,,,,,,,,,7.2,6.9,6.7,9.2,7.8,6.4,8.1,6.5,20.6,6.1,14.7,6.3,6.3,,,,,
People practicing open defecation (% of population),SH.STA.ODFC.ZS,,,,,,,,,,,,,,,,,,,,,,,,,,,,,,,,,,,,,,,,,0,0,0,0,0,0,0,0,0,0,0,0,0,0,0,0,0,0,0,0,0,0,0,,
"Maternal mortality ratio (modeled estimate, per 100,000 live births)",SH.STA.MMRT,,,,,,,,,,,,,,,,,,,,,,,,,,2,2,3,4,5,6,7,7,8,9,9,8,9,10,11,12,13,13,14,13,12,12,11,11,11,10,10,9,9,9,9,9,9,9,9,14,13,15,8,
People with basic handwashing facilities including soap and water (% of population),SH.STA.HYGN.ZS,,,,,,,,,,,,,,,,,,,,,,,,,,,,,,,,,,,,,,,,,,,,,,,,,,,,,,,,,,,,,,,,,
Diabetes prevalence (% of population ages 20 to 79),SH.STA.DIAB.ZS,,,,,,,,,,,,,,,,,,,,,,,,,,,,,,,,,,,,,,,,,,,,,,,,,,,,5.2,,,,,,,,,,,,,7.4
People using at least basic sanitation services (% of population),SH.STA.BASS.ZS,,,,,,,,,,,,,,,,,,,,,,,,,,,,,,,,,,,,,,,,,99.12998917,99.1295453,99.12824741,99.12696637,99.12569631,99.12444839,99.12319858,99.12197203,99.12075586,99.11955554,99.11836773,99.11718711,99.11602158,99.11485732,99.11370295,99.11256082,99.11141789,99.11029503,99.10917638,99.10806003,99.10696467,99.10586943,99.10479026,,
Pregnant women receiving prenatal care (%),SH.STA.ANVC.ZS,,,,,,,,,,,,,,,,,,,,,,,,,,,,,,,,,,,,,,,,,,,,,,,,,,,,,,,,,,,,,,,,,
"Number of surgical procedures (per 100,000 population)",SH.SGR.PROC.P5,,,,,,,,,,,,,,,,,,,,,,,,,,,,,,,,,,,,,,,,,,,,,,,,,,,7181,,15280,,10487,,,,,,,,,,
"Prevalence of current tobacco use, females (% of female adults)",SH.PRV.SMOK.FE,,,,,,,,,,,,,,,,,,,,,,,,,,,,,,,,,,,,,,,,,36.7,,,,,28.5,,25.8,,,22.4,,,,,17.4,,,,,13.7,13,12.4,,
Lifetime risk of maternal death (1 in: rate varies by country),SH.MMR.RISK,,,,,,,,,,,,,,,,,,,,,,,,,,33608,27052,19751,14402,11363,9470,8645,8170,7622,7179,7296,7608,7454,6766,6089,5723,5590,5300,4982,5036,5349,5459,5623,5534,5851,5971,6306,6822,7280,7120,7001,6836,7203,7260,7663,5337,5561,4782,8751,
"Incidence of malaria (per 1,000 population at risk)",SH.MLR.INCD.P3,,,,,,,,,,,,,,,,,,,,,,,,,,,,,,,,,,,,,,,,,,,,,,,,,,,,,,,,,,,,,,,,,
"Community health workers (per 1,000 people)",SH.MED.CMHW.P3,,,,,,,,,,,,,,,,,,,,,,,,,,,,,,,,,,,,,,,,,,,,,,,,,,,,,,,,,,,,,,,,,
"Immunization, HepB3 (% of one-year-old children)",SH.IMM.HEPB,,,,,,,,,,,,,,,,,,,,,,,,,,,,,,,,,,,,,,,,,,,,,,,,,,,,,,,,,,,,93,93,93,92,92,92
Young people (ages 15-24) newly infected with HIV,SH.HIV.INCD.YG,,,,,,,,,,,,,,,,,,,,,,,,,,,,,,,,,,,,,,,,,,,,,,,,,,,,,,,,,,,,,,,,,
Adults (ages 15-49) newly infected with HIV,SH.HIV.INCD,,,,,,,,,,,,,,,,,,,,,,,,,,,,,,,,,,,,,,,,,,,,,,,,,,,,,,,,,2600,2500,2300,2200,2000,1800,1700,1600,
Children (0-14) living with HIV,SH.HIV.0014,,,,,,,,,,,,,,,,,,,,,,,,,,,,,,,,,,,,,,,,,,,,,,,,,,,,,,,,,,,,,,,,,
People using at least basic drinking water services (% of population),SH.H2O.BASW.ZS,,,,,,,,,,,,,,,,,,,,,,,,,,,,,,,,,,,,,,,,,100,99.99999771,99.99999743,99.99999644,99.99999768,100,99.99999872,99.99999964,100,100,100,99.9999974,100,99.99999981,99.99999835,100,99.99999722,100,100,99.99999734,100,99.99999864,99.99999788,,
"Mortality rate, neonatal (per 1,000 live births)",SH.DYN.NMRT,16.1,15.6,15.1,14.6,14.1,13.7,13.3,12.9,12.6,12.4,12.2,12,11.7,11.5,11.2,10.8,10.2,9.5,8.8,8.1,7.5,6.9,6.4,6,5.7,5.5,5.2,5,4.8,4.6,4.5,4.4,4.4,4.3,4.2,4.1,4,3.9,3.8,3.8,3.8,3.7,3.6,3.5,3.5,3.5,3.4,3.3,3.2,3.1,3,2.9,2.8,2.7,2.7,2.6,2.7,2.7,2.7,2.8,2.7,2.7,2.7,2.7,
"Mortality rate, under-5, male (per 1,000 live births)",SH.DYN.MORT.MA,29.6,29.2,28.7,27.8,27,26.2,25.4,24.7,24.4,24,23.6,23.1,22.4,21.7,21,20.1,19.3,18.4,17.5,16.6,15.7,15,14.2,13.6,13.1,12.7,12.4,12.1,11.7,11.1,10.4,9.7,9.1,8.6,8.2,8,7.8,7.6,7.5,7.4,7.2,7.1,7,6.8,6.7,6.6,6.5,6.3,6.1,5.9,5.7,5.5,5.3,5.1,5,4.9,4.8,4.8,4.8,4.8,4.8,4.8,4.9,4.9,
Women's share of population ages 15+ living with HIV (%),SH.DYN.AIDS.FE.ZS,,,,,,,,,,,,,,,,,,,,,,,,,,,,,,,25.77283838,26.34413546,26.71168419,27.20031167,27.64049435,28.02506437,28.3521181,28.48196611,28.46671287,28.45626697,28.4951005,28.60806154,28.8559907,29.19425501,29.59266703,29.98968008,30.33932069,30.61613344,30.82731069,31.0039241,31.15095605,31.27901748,31.39691122,31.49928536,31.59564945,31.67361926,31.75237697,31.84387996,31.92882406,31.99848751,32.08071654,32.1606527,32.22238958,32.36274639,32.43864634
"Probability of dying among children ages 5-9 years (per 1,000)",SH.DYN.0509,,,,,,,,,,,,,,,,,,,,,,,,,,,,,,,0.9,0.8,0.8,0.8,0.7,0.7,0.7,0.7,0.6,0.6,0.6,0.6,0.6,0.5,0.5,0.5,0.5,0.5,0.5,0.5,0.4,0.4,0.4,0.4,0.4,0.4,0.4,0.4,0.3,0.3,0.3,0.3,0.3,0.3,
"Cause of death, by injury (% of total)",SH.DTH.INJR.ZS,,,,,,,,,,,,,,,,,,,,,,,,,,,,,,,,,,,,,,,,,3.126104544,,,,,,,,,,3.340529255,,,,,3.44305899,,,,3.686147408,,,,,
Number of deaths ages 15-19 years,SH.DTH.1519,,,,,,,,,,,,,,,,,,,,,,,,,,,,,,,2011,1876,1729,1621,1569,1561,1576,1595,1599,1581,1565,1559,1547,1506,1461,1426,1396,1367,1328,1263,1169,1074,996,953,937,932,924,913,902,899,903,922,948,968,
"Condom use, population ages 15-24, female (% of females ages 15-24)",SH.CON.1524.FE.ZS,,,,,,,,,,,,,,,,,,,,,,,,,,,,,,,,,,,,,,,,,,,,,,,,,,,,,,,,,,,,,,,,,
"Total alcohol consumption per capita, male (liters of pure alcohol, projected estimates, male 15+ years of age)",SH.ALC.PCAP.MA.LI,,,,,,,,,,,,,,,,,,,,,,,,,,,,,,,,,,,,,,,,,19.44,19.44,19.65,19.76,19.75,19.53,19.22,18.8,18.28,17.7,17.23,16.97,16.62,16.4,16.39,16.5,16.69,16.88,16.95,16.95,16.83,,,,
Urban population growth (annual %),SP.URB.GROW,,0.671184467,0.673704361,0.571825966,0.472118753,0.464013102,0.372529035,0.356869361,0.304763643,0.233466984,0.214756287,0.304787165,0.553029991,0.404128406,0.273546305,0.201334061,0.182433892,0.173736324,0.208985649,0.2929404,0.321044093,0.171068339,-0.098212658,-0.029582808,0.095812763,0.163188346,0.167807267,0.148791811,0.15817815,0.19638445,0.234964714,0.273408736,0.347213793,0.316469262,0.332530132,0.341153614,0.331173754,0.332766255,0.367838511,0.408505665,0.433615661,0.512040255,0.798501015,0.834359753,0.933797334,1.045133677,1.089795475,1.127189955,1.131869196,1.095105268,1.117771085,1.110599171,1.039074725,0.992828926,1.066956567,1.038005384,1.108396329,0.855290081,0.794682746,0.818697367,0.469050072,0.655270844,1.213238092,1.593669472,1.351458222
Completeness of death registration with cause-of-death information (%),SP.REG.DTHS.ZS,,,,,,,,,,,,,,,,,,,,,,,,,,,,,,,,,99.8,,,,,98.8,,,,,99.6,,,,,,,100,100,,,,,,100,,,,,,,,
"Completeness of birth registration, male (%)",SP.REG.BRTH.MA.ZS,,,,,,,,,,,,,,,,,,,,,,,,,,,,,,,,,,,,,,,,,,,,,,,,,,,,,,,,,,,,,100,,,,
"Population, female (% of total population)",SP.POP.TOTL.FE.ZS,51.69324436,51.63841985,51.56832758,51.51476706,51.48641984,51.4733139,51.46585425,51.46215203,51.46484441,51.46482341,51.44769758,51.41459877,51.39069023,51.37610097,51.35663336,51.33777499,51.32944283,51.33449477,51.33926309,51.33356456,51.33098969,51.34111888,51.3524849,51.30473486,51.26198834,51.2846468,51.31124632,51.2913998,51.51909253,51.77520392,51.777612,51.78655903,51.72607603,51.66247366,51.65828342,51.63995613,51.61584764,51.59683316,51.57874078,51.55589802,51.52365317,51.48389668,51.44603202,51.41136253,51.3788083,51.34783574,51.31298464,51.27194381,51.23019286,51.19207005,51.14701292,51.10284817,51.07116294,51.03999591,51.00435489,50.95890451,50.91199328,50.88277322,50.86283617,50.83816118,50.81240591,50.79244063,50.77941967,50.77004105,50.75877817
Researchers in R&D (per million people),SP.POP.SCIE.RD.P6,,,,,,,,,,,,,,,,,,,,,,,,,,,,,,,,,,,,,2485.75438,2495.08042,2694.02542,2853.23907,2893.37563,3078.40932,3335.62719,3631.25708,3818.23524,4117.74512,4176.43751,4122.71329,4077.28663,4113.41572,4089.20558,3973.02377,4017.98198,4171.80763,4280.79983,4389.5625,4434.65942,4472.69458,,,,,,,
Age dependency ratio (% of working-age population),SP.POP.DPND,53.95051408,54.04823892,53.92020898,54.05807343,54.59004024,55.2888834,56.02910427,56.84540381,57.69226518,58.46513978,59.12963857,59.65194495,60.00464956,60.15232197,60.07808443,59.74938697,59.14944635,58.40496256,57.66223864,56.92214987,56.17721445,55.36582981,54.39871484,53.34833438,52.5937758,52.37738583,52.38189511,52.36980276,52.87746099,53.54135512,53.89106236,54.3376013,54.77719376,55.05121004,55.12213449,55.00676757,54.81962647,54.61429949,54.34838665,53.97671591,53.43148587,52.88233278,52.49643016,52.35729295,52.21578634,51.82757156,51.40084829,51.15618621,51.19472266,51.44068526,51.73802316,52.28144451,53.22979209,54.15481216,54.84385954,55.40156159,55.92459265,56.47995952,57.00444496,57.43102136,57.65938086,57.61296084,57.62819234,57.84639733,57.93999124
"Population ages 75-79, male (% of male population)",SP.POP.7579.MA.5Y,1.738905691,1.728106664,1.716004534,1.735180367,1.765737952,1.755599035,1.726136107,1.719248055,1.724563417,1.723473053,1.725630935,1.731801119,1.739661334,1.753088533,1.785539988,1.843139143,1.918962051,2.005221512,2.0952416,2.178579068,2.250581535,2.31586388,2.375856748,2.431877823,2.478436933,2.511619291,2.537431143,2.560809569,2.624927989,2.688045209,2.700839964,2.684400927,2.609931388,2.483565987,2.410018437,2.474008757,2.597919228,2.727003891,2.862397672,2.940754443,2.937281026,2.916242812,2.907012642,2.898822022,2.895334938,2.894775649,2.896318762,2.897575341,2.898488156,2.905238494,2.920248481,2.946667671,2.989613029,3.050396721,3.111990652,3.135054225,3.118336834,3.117730845,3.161002654,3.223518966,3.266393007,3.366887138,3.634633321,3.908576137,4.038681384
Population ages 65 and above (% of total population),SP.POP.65UP.TO.ZS,11.69548394,11.75909437,11.80406305,11.89982874,12.05652722,12.21853326,12.37397475,12.54381257,12.72487122,12.90765354,13.10639746,13.31070314,13.50280003,13.69532125,13.9059638,14.11388987,14.29987948,14.48720753,14.68249095,14.85618245,14.99417852,15.07210473,15.06261787,14.97186482,14.95416046,15.11474464,15.3124936,15.45618758,15.6504024,15.81231331,15.87234679,15.92557367,15.9641386,15.97637025,15.98198724,15.99411823,15.99366382,15.97799165,15.94573794,15.90464242,15.88975785,15.90913706,15.93145607,15.94404901,15.96075248,15.95783676,15.93118777,15.94856621,16.03670554,16.18019632,16.33838537,16.58746499,16.97334404,17.32790658,17.58408439,17.7699802,17.91620257,18.07341362,18.25575007,18.45795809,18.60579533,18.71864877,18.93031472,19.23812911,19.49976736
"Population ages 65 and above, female (% of female population)",SP.POP.65UP.FE.ZS,13.89741219,14.03103642,14.13987154,14.28685216,14.48799725,14.69968484,14.89799046,15.09423995,15.29276338,15.49474589,15.71849375,15.94981113,16.16117631,16.36701999,16.5949265,16.82187964,17.01866951,17.21085592,17.41509232,17.60049302,17.74764976,17.82822306,17.81685852,17.74353753,17.74634348,17.90880422,18.09938376,18.24483048,18.34099146,18.37872126,18.39891274,18.40572859,18.41735747,18.40351621,18.36835827,18.34380625,18.29829643,18.22438699,18.12814092,18.02373466,17.94923328,17.90986439,17.87118985,17.81574226,17.76102967,17.68938312,17.60337738,17.57789995,17.62590515,17.73602891,17.87002794,18.08228543,18.41617039,18.71846601,18.93491631,19.09310003,19.22533734,19.38283319,19.56753055,19.78096474,19.94455412,20.06739853,20.29252079,20.61850193,20.89813782
"Population ages 60-64, male (% of male population)",SP.POP.6064.MA.5Y,4.757855683,4.910578949,5.044251809,5.193720429,5.330740226,5.406961692,5.448571943,5.488034596,5.530364839,5.564073178,5.574638579,5.559447167,5.539176084,5.523243934,5.503019277,5.460104911,5.362927916,5.179186387,4.921629301,4.756894345,4.824643232,5.010823284,5.213843777,5.40435481,5.484703224,5.398494043,5.256296332,5.154841931,5.180316756,5.218230141,5.153282662,5.08607079,5.012996101,4.944556653,4.893926635,4.858349073,4.847513317,4.869839926,4.925875933,4.996039308,5.025570281,4.993164871,4.964220465,4.982357339,5.021275678,5.087374402,5.292572854,5.619254056,5.867122032,5.98817959,6.043716213,5.949205344,5.697848328,5.491192448,5.388719541,5.346043913,5.362635743,5.422534407,5.505928259,5.589458558,5.639578723,5.695658388,5.777158344,5.829443227,5.866282534
"Population ages 50-54, male (% of male population)",SP.POP.5054.MA.5Y,6.931928603,6.895666802,6.844150631,6.803711237,6.757775798,6.66134822,6.492407599,6.232237892,5.901274185,5.674710929,5.714111385,5.895385201,6.09997949,6.330586399,6.444527798,6.329653998,6.146578011,6.019819885,5.926047028,5.854981501,5.796441782,5.745984592,5.693509188,5.617071825,5.533601485,5.474658058,5.444183087,5.446443181,5.538370239,5.651560343,5.673990814,5.63605327,5.599341458,5.621680417,5.684639988,5.77926224,6.038073558,6.442157688,6.752238621,6.909939809,6.984493487,6.887970377,6.612317453,6.366965631,6.230587635,6.166781725,6.164936561,6.209176249,6.287326948,6.365277469,6.425354961,6.501244444,6.56964398,6.586621425,6.591774189,6.616539477,6.603740598,6.593791579,6.610132483,6.637945204,6.641870991,6.610884607,6.615743378,6.631777399,6.552455235
"Population ages 40-44, male (% of male population)",SP.POP.4044.MA.5Y,6.554291676,6.748339209,6.939660782,7.111083288,7.155758537,6.983785342,6.744198548,6.562762556,6.419935584,6.309376093,6.213192698,6.122389419,6.038487687,5.953177757,5.866914232,5.801347304,5.77181848,5.787809802,5.850483948,5.937416711,5.982834186,5.961930139,5.96155713,6.015569221,6.080801511,6.171384919,6.425646331,6.817448696,7.154786885,7.356160492,7.44753689,7.359743008,7.058314976,6.799775012,6.679119467,6.631425336,6.653134929,6.723963337,6.822900907,6.925055306,7.019365664,7.132546361,7.226966949,7.248008062,7.252711636,7.288107121,7.279668751,7.262254873,7.267034853,7.276602531,7.22441642,7.125004848,7.082823023,7.047751586,6.929560599,6.774774064,6.628790268,6.433007207,6.268391425,6.218883344,6.241993362,6.313976318,6.430023051,6.546795751,6.601496944
"Population ages 30-34, male (% of male population)",SP.POP.3034.MA.5Y,6.735972536,6.658653554,6.595766101,6.488929643,6.350041807,6.250718503,6.202226415,6.189862647,6.211833603,6.255480175,6.271651096,6.233529125,6.209648584,6.252106996,6.319743128,6.410264869,6.67230594,7.088300801,7.404170326,7.561252205,7.652885516,7.584454527,7.320882089,7.102780809,7.007382407,6.963256057,6.971919025,7.038331284,7.121667544,7.206457681,7.305237214,7.420924647,7.529776473,7.579438788,7.607615818,7.656706339,7.658764099,7.654535087,7.666550731,7.694354649,7.684390851,7.613453725,7.56806877,7.521312768,7.392819321,7.23122703,7.079670133,6.871815921,6.707733513,6.667131135,6.709683877,6.78417368,6.863988589,6.924317988,6.936737736,6.943372265,6.950070637,6.907543862,6.788399292,6.708105582,6.689859506,6.722219584,6.825605307,6.946432342,7.015444981
"Population ages 20-24, male (% of male population)",SP.POP.2024.MA.5Y,6.493362985,6.447952087,6.470443063,6.570694092,6.663369942,6.732911827,6.975553645,7.362373724,7.64858002,7.797039412,7.896636568,7.836090448,7.576301835,7.35928825,7.270324936,7.24032638,7.28013333,7.376514186,7.4745899,7.591331152,7.758186554,7.93282609,8.092796624,8.305381731,8.537532537,8.704337967,8.746377906,8.702370827,8.324216306,7.96189443,7.87815734,7.749557706,7.685538394,7.612365005,7.416323059,7.17707725,6.945586167,6.646233355,6.389969129,6.283571989,6.295854001,6.368164061,6.469130476,6.596413118,6.72911176,6.847436516,6.936992286,6.957753244,6.82979391,6.711262191,6.724374973,6.776047573,6.825441046,6.900481385,6.933023308,6.864315008,6.774254573,6.678261518,6.596676802,6.533081991,6.490058789,6.427859484,6.271175397,6.079880975,6.005507705
"Population ages 15-64, male (% of male population)",SP.POP.1564.MA.ZS,65.8941881,65.93702224,66.07269566,66.07934204,65.90524276,65.66031487,65.39277223,65.08712663,64.77404993,64.50124263,64.26653729,64.08310994,63.97481325,63.95062929,64.01688827,64.18554591,64.44969543,64.76546973,65.09121062,65.43062767,65.77603797,66.14067588,66.56954486,67.05269522,67.41709121,67.53354804,67.53659479,67.56028121,67.21940261,66.77144268,66.57989493,66.33735071,66.1275829,65.98951728,65.91446056,65.92453095,65.95223787,65.97471312,66.02815511,66.1311,66.31380862,66.51116299,66.63979709,66.63402247,66.61995841,66.73440731,66.88189767,66.96394363,66.92053658,66.79218131,66.65450585,66.39680972,65.94451841,65.50532185,65.18487783,64.93477558,64.71136567,64.48621106,64.27645739,64.11837415,64.04810956,64.08810535,64.10932219,64.05210786,64.04585641
"Population ages 15-19, male (% of male population)",SP.POP.1519.MA.5Y,7.2226495,7.537211698,7.88635949,8.066381892,8.117710927,8.150083525,8.026950529,7.727332256,7.477626785,7.365673299,7.319591607,7.329849536,7.393581764,7.472451365,7.584888119,7.758667058,7.954093251,8.144622929,8.339293392,8.540730465,8.703909918,8.801700043,8.834577903,8.808257214,8.657158544,8.403485935,8.2062304,8.035518561,7.810169332,7.522734877,7.260348799,7.010280623,6.713376281,6.452269169,6.318461752,6.323902549,6.396229496,6.493793867,6.57133725,6.598234646,6.64030735,6.727425723,6.78663098,6.716887584,6.622059562,6.579195451,6.567525981,6.602975189,6.690160307,6.740741349,6.682756157,6.586524287,6.465555868,6.351311705,6.255364367,6.156966346,6.038508445,5.916994984,5.831044455,5.795328103,5.796720131,5.843701098,5.933876865,6.047743541,6.179547613
"Population ages 05-09, male (% of male population)",SP.POP.0509.MA.5Y,7.716932946,7.69060748,7.747697781,7.863744832,7.994211611,8.121257162,8.260551572,8.400254296,8.544856934,8.686913721,8.780579794,8.813401387,8.819171767,8.781013003,8.666082854,8.516533892,8.370341216,8.18548326,7.931937586,7.618944791,7.264291315,6.893520391,6.562067778,6.337622209,6.272676348,6.337589139,6.452843253,6.565165867,6.736987289,6.861789823,6.889169894,6.933849973,6.940746587,6.863078157,6.813432391,6.812557863,6.811985841,6.849029429,6.934860799,6.959945318,6.854196557,6.722445587,6.602659695,6.510644256,6.424104346,6.315058681,6.180449301,6.043533006,5.943892415,5.892753783,5.886771316,5.942397898,6.060347331,6.196379342,6.309380112,6.398819365,6.475293992,6.527593289,6.53762394,6.51598593,6.488081655,6.429808541,6.3261276,6.2093076,6.087081844
"Population ages 0-14, male (% of male population)",SP.POP.0014.MA.ZS,24.76661978,24.72976566,24.6103274,24.55700256,24.61869696,24.7529634,24.90973208,25.07314621,25.22397459,25.33435653,25.39493275,25.39897394,25.33287287,25.17697121,24.91609768,24.55744482,24.11774336,23.62034565,23.10931566,22.60790043,22.13385743,21.69526398,21.27522316,20.89564032,20.56552901,20.29312829,20.08791029,19.92004334,19.98939704,20.17159615,20.26059681,20.40103587,20.53693135,20.62821212,20.65364434,20.59040115,20.51266293,20.44190891,20.35082128,20.21946923,19.98537105,19.70281431,19.48401875,19.40235658,19.32167153,19.13524217,18.94929496,18.80188461,18.71213091,18.65945334,18.61067388,18.57797544,18.58813741,18.61640682,18.63725075,18.67010623,18.73021068,18.79686271,18.82564209,18.79178635,18.72907709,18.58543629,18.36571089,18.13331864,17.89584279
"Population ages 00-04, male (% of male population)",SP.POP.0004.MA.5Y,8.431906823,8.614639903,8.780827507,8.920464796,9.039015292,9.138343663,9.177777648,9.144785517,9.054626504,8.902203885,8.71889118,8.539743866,8.321243155,8.041277424,7.71767293,7.360848835,6.980905523,6.634597681,6.409787192,6.339508579,6.381089987,6.475968361,6.589504304,6.680090022,6.718805064,6.737799257,6.77647395,6.832002052,6.872770621,6.906343108,6.909510297,6.903634838,6.9305827,7.018043041,7.061084438,6.97688778,6.854721283,6.722404496,6.608929044,6.508120532,6.392164223,6.259343297,6.145322337,6.084486947,6.069078739,6.086983731,6.150941115,6.258543895,6.371788088,6.460665581,6.522421132,6.569386526,6.602762562,6.599385879,6.560457202,6.499246314,6.409673287,6.295063163,6.171927289,6.038935979,5.921081864,5.778283071,5.600273399,5.45095556,5.347501088
Women who were first married by age 15 (% of women ages 20-24),SP.M15.2024.FE.ZS,,,,,,,,,,,,,,,,,,,,,,,,,,,,,,,,,,,,,,,,,,,,,,,,,,,,,,,,,,,,,,,,,
"Survival to age 65, female (% of cohort)",SP.DYN.TO65.FE.ZS,80.915318,80.720726,80.786892,80.73239,81.517675,81.589697,81.612537,82.194327,81.849288,81.596417,81.954012,82.295965,81.991479,82.374841,82.432251,82.736599,82.726164,83.226576,83.040119,83.181062,83.691283,84.16112,84.268895,84.615604,84.849259,84.896667,85.380125,85.497981,85.747029,85.997539,86.357642,86.824093,87.225037,87.226749,87.752491,87.80516,88.084836,88.302608,88.48375,88.575828,88.874827,89.099059,89.304086,89.330134,89.780492,89.916116,90.012421,90.170912,90.215967,90.555812,90.711675,90.986844,91.146196,91.250112,91.272054,91.252834,91.096972,91.370665,91.211809,91.361522,90.745061,90.662607,90.958933,91.146682,
"Life expectancy at birth, female (years)",SP.DYN.LE00.FE.IN,74.2,73.9,74,73.9,74.8,74.8,74.8,75.3,74.9,75,75.2,75.5,75.3,75.5,75.7,75.9,75.9,76.4,76.3,76.4,76.8,77.1,77.2,77.4,77.8,77.6,77.9,78.2,78.3,78.4,78.8,78.9,79.2,79.1,79.6,79.5,79.7,79.9,79.7,79.9,80.2,80.4,80.5,80.7,81,81.2,81.4,81.6,81.7,82.1,82.4,83,82.8,82.9,83.2,82.8,83,83.1,83.1,83.275,82.4,82.671,83.018,83.208,
"Contraceptive prevalence, any method (% of married women ages 15-49)",SP.DYN.CONU.ZS,,,,,,,,,,,,,,,,,,,,,,,,,,,81,,,,,,,82,,,,,83,76,80,87.7,,84,84,82,82,,,84,,,76.1,,,,,,,,,,,,
"Mortality rate, adult, male (per 1,000 male adults)",SP.DYN.AMRT.MA,186.211,188.075,187.241,189.592,184.218,183.972,184.217,176.861,179.013,182.491,180.28,176.118,179.238,179.114,176.043,171.309,171.754,166.946,168.413,168.58,161.793,157.789,153.708,149.983,145.223,143.619,141.297,137.5,134.77,130.522,129.27,126.785,122.738,122.623,118.108,118.726,116.981,114.328,113.608,112.402,108.445,107.221,105.896,103.807,99.554,97.444,99.258,97.559,96.722,94.258,91.112,87.266,83.863,85.055,83.741,84.408,85.495,84.428,86.971,85.187,94.193,97.829,90.741,,
"Prevalence of severe wasting, weight for height, male (% of children under 5)",SH.SVR.WAST.MA.ZS,,,,,,,,,,,,,,,,,,,,,,,,,,,,,,,,,,,,,,,,,,,,,,,,0,0,0,0,0.1,0,0,0,0,0,0,0,0,,,,,
"Prevalence of wasting, weight for height, female (% of children under 5)",SH.STA.WAST.FE.ZS,,,,,,,,,,,,,,,,,,,,,,,,,,,,,,,,,,,,,,,,,,,,,,,,0.5,0.5,0.4,0.2,1.7,0.3,0.2,0.3,0.2,0.3,0.5,0.3,0.3,,,,,
"Suicide mortality rate, male (per 100,000 male population)",SH.STA.SUIC.MA.P5,,,,,,,,,,,,,,,,,,,,,,,,,,,,,,,,,,,,,,,,,12.96,12.85,12.62,12.09,12.33,11.89,12.08,11.66,12.48,12.37,12.03,12.93,13.06,13.91,13.1,13.12,12.65,12.25,13.96,14.46,13.5,14.65,,,
"Prevalence of stunting, height for age, male (modeled estimate, % of children under 5)",SH.STA.STNT.ME.MA.ZS,,,,,,,,,,,,,,,,,,,,,,,,,,,,,,,,,,,,,,,,,4.1,4,3.9,3.8,3.7,3.7,3.6,3.5,3.5,3.4,3.3,3.2,3.2,3.2,3.2,3.2,3.2,3.3,3.3,3.4,3.4,3.5,3.7,3.8,3.9
People using safely managed sanitation services (% of population),SH.STA.SMSS.ZS,,,,,,,,,,,,,,,,,,,,,,,,,,,,,,,,,,,,,,,,,97.73613569,97.7415036,97.75740885,97.77309825,97.7886825,97.80405643,97.81931215,97.84523561,97.8710579,97.8966689,97.92212284,97.94741467,97.97266823,97.99297115,98.00711777,98.0211602,98.03514391,98.04897324,98.06269027,98.0763514,98.08985901,98.10325025,98.11648315,,
"Mortality rate attributed to unintentional poisoning, female (per 100,000 female population)",SH.STA.POIS.P5.FE,,,,,,,,,,,,,,,,,,,,,,,,,,,,,,,,,,,,,,,,,0.11,0.19,0.19,0.19,0.2,0.15,0.2,0.19,0.21,0.24,0.27,0.23,0.22,0.2,0.24,0.27,0.21,0.27,0.3,0.23,0.28,0.28,,,
"Prevalence of overweight, weight for height, male (modeled estimate, % of children under 5)",SH.STA.OWGH.ME.MA.ZS,,,,,,,,,,,,,,,,,,,,,,,,,,,,,,,,,,,,,,,,,7.4,7.5,7.6,7.7,7.7,7.8,7.9,8,8,8.1,8.2,8.2,8.3,8.4,8.4,8.5,8.5,8.5,8.5,8.5,8.5,8.4,8.4,8.3,8.3
Diarrhea treatment (% of children under 5 who received ORS packet),SH.STA.ORTH,,,,,,,,,,,,,,,,,,,,,,,,,,,,,,,,,,,,,,,,,,,,,,,,,,,,,,,,,,,,,,,,,
"People practicing open defecation, rural (% of rural population)",SH.STA.ODFC.RU.ZS,,,,,,,,,,,,,,,,,,,,,,,,,,,,,,,,,,,,,,,,,0,0,0,0,0,0,0,0,0,0,0,0,0,0,0,0,0,0,0,0,0,0,0,,
"Prevalence of underweight, weight for age, male (% of children under 5)",SH.STA.MALN.MA.ZS,,,,,,,,,,,,,,,,,,,,,,,,,,,,,,,,,,,,,,,,,,,,,,,,0.9,0.9,0.9,0.8,0.1,0.8,0.8,0.8,0.9,0.8,0.8,0.8,0.8,,,,,
"People with basic handwashing facilities including soap and water, rural (% of rural population)",SH.STA.HYGN.RU.ZS,,,,,,,,,,,,,,,,,,,,,,,,,,,,,,,,,,,,,,,,,,,,,,,,,,,,,,,,,,,,,,,,,
Births attended by skilled health staff (% of total),SH.STA.BRTC.ZS,,,,,,,,,,,,,,,,,,,,,,,,,,,,,,,,,,,,,,,99,,,,,,,,,,,,,,,,,,,,,,,,,,
"People using at least basic sanitation services, rural (% of rural population)",SH.STA.BASS.RU.ZS,,,,,,,,,,,,,,,,,,,,,,,,,,,,,,,,,,,,,,,,,99.47477432,99.47477432,99.47477432,99.47477432,99.47477432,99.47477432,99.47477432,99.47477432,99.47477432,99.47477432,99.47477432,99.47477432,99.47477432,99.47477432,99.47477432,99.47477432,99.47477432,99.47477432,99.47477432,99.47477432,99.47477432,99.47477432,99.47477432,,
"Mortality rate attributed to household and ambient air pollution, age-standardized, male (per 100,000 male population)",SH.STA.AIRP.MA.P5,,,,,,,,,,,,,,,,,,,,,,,,,,,,,,,,,,,,,,,,,,,,,,,,,,,,,,,,,,,,16.8,,,,,
Risk of catastrophic expenditure for surgical care (% of people at risk),SH.SGR.CRSK.ZS,,,,,,,,,,,,,,,,,,,,,,,,,,,,,,,,,,,,,,,,,,,,0.1,0.1,0.1,0.1,0.1,0.1,0.1,0.1,0.1,0.1,0,0,0,0,0,0.1,0,0,0,0,,
Prevalence of anemia among pregnant women (%),SH.PRG.ANEM,,,,,,,,,,,,,,,,,,,,,,,,,,,,,,,,,,,,,,,,,20.1,19.6,19.2,18.8,18.5,18.2,18,17.8,17.5,17.2,17,16.7,16.5,16.3,16,15.8,15.6,15.4,15.1,14.8,14.6,14.4,14.3,14.3,
Children with fever receiving antimalarial drugs (% of children under age 5 with fever),SH.MLR.TRET.ZS,,,,,,,,,,,,,,,,,,,,,,,,,,,,,,,,,,,,,,,,,,,,,,,,,,,,,,,,,,,,,,,,,
"Physicians (per 1,000 people)",SH.MED.PHYS.ZS,0.8,0.9,0.9,0.9,0.9,0.9,0.9,0.9,0.9,0.9,0.9,1,1,1.1,1.1,1.1,1.2,1.2,1.2,1.3,,,,,,,,,,,1.618,1.633,1.646,1.684,1.698,1.757,1.798,1.855,1.899,1.913,1.994,2.043,2.114,2.201,2.331,2.408,2.46,2.492,2.571,2.653,2.656,2.691,2.697,2.706,2.742,2.773,2.783,2.814,2.834,2.942,3.041,3.171,3.174,,
"Immunization, measles (% of children ages 12-23 months)",SH.IMM.MEAS,,,,,,,,,,,,,,,,,,,,,53,55,58,60,63,68,71,76,80,84,87,90,92,91,91,92,92,91,87,88,88,85,85,82,81,82,85,86,86,86,89,90,92,93,93,93,92,92,92,91,91,91,90,90,89
"Incidence of HIV, ages 15-49 (per 1,000 uninfected population ages 15-49)",SH.HIV.INCD.ZS,,,,,,,,,,,,,,,,,,,,,,,,,,,,,,,,,,,,,,,,,,,,,,,,,,,,,,,,,0.1,0.1,0.1,0.1,0.1,0.1,0.1,0.1,
Adults (ages 15+) and children (ages 0-14) newly infected with HIV,SH.HIV.INCD.TL,,,,,,,,,,,,,,,,,,,,,,,,,,,,,,,,,,,,,,,,,,,,,,,,,,,,,,,,,2800,2600,2500,2300,2100,1900,1800,1700,
"Prevalence of HIV, male (% ages 15-24)",SH.HIV.1524.MA.ZS,,,,,,,,,,,,,,,,,,,,,,,,,,,,,,,,,,,,,,,,,,,,,,,,,,,,,,,,,,,,,,,,,
"People using safely managed drinking water services, urban (% of urban population)",SH.H2O.SMDW.UR.ZS,,,,,,,,,,,,,,,,,,,,,,,,,,,,,,,,,,,,,,,,,,,,,,,,,,,,,,,,,,,,,,,,,
"People using at least basic drinking water services, rural (% of rural population)",SH.H2O.BASW.RU.ZS,,,,,,,,,,,,,,,,,,,,,,,,,,,,,,,,,,,,,,,,,100,100,100,100,100,100,100,100,100,100,100,100,100,100,100,100,100,100,100,100,100,100,100,,
"Mortality from CVD, cancer, diabetes or CRD between exact ages 30 and 70, male (%)",SH.DYN.NCOM.MA.ZS,,,,,,,,,,,,,,,,,,,,,,,,,,,,,,,,,,,,,,,,,20,19.6,19.1,18.6,17.7,17.1,16.7,16.3,15.8,15.2,14.9,14.2,13.7,13.6,13.4,13.4,13.3,13.1,13.4,12.7,13,13,,,
"Mortality rate, under-5 (per 1,000 live births)",SH.DYN.MORT,26.6,26.1,25.6,24.9,24.2,23.4,22.8,22.2,21.8,21.4,21,20.6,20,19.4,18.7,18,17.2,16.4,15.7,14.9,14.1,13.4,12.7,12.2,11.7,11.4,11.1,10.8,10.4,9.9,9.3,8.7,8.2,7.7,7.4,7.2,7,6.9,6.8,6.7,6.5,6.4,6.3,6.3,6.1,6,5.9,5.8,5.6,5.4,5.2,5,4.8,4.6,4.5,4.5,4.4,4.4,4.4,4.4,4.4,4.4,4.5,4.5,
"Probability of dying among adolescents ages 15-19 years (per 1,000)",SH.DYN.1519,,,,,,,,,,,,,,,,,,,,,,,,,,,,,,,2.5,2.5,2.4,2.3,2.3,2.2,2.2,2.2,2.2,2.1,2.1,2.1,2,2,1.9,1.9,1.8,1.8,1.7,1.6,1.4,1.3,1.3,1.2,1.2,1.2,1.2,1.2,1.2,1.2,1.2,1.2,1.2,1.2,
"Cause of death, by non-communicable diseases (% of total)",SH.DTH.NCOM.ZS,,,,,,,,,,,,,,,,,,,,,,,,,,,,,,,,,,,,,,,,,85.21534105,,,,,,,,,,89.34276335,,,,,88.49000177,,,,88.15707653,,,,,
"Cause of death, by communicable diseases and maternal, prenatal and nutrition conditions (% of total)",SH.DTH.COMM.ZS,,,,,,,,,,,,,,,,,,,,,,,,,,,,,,,,,,,,,,,,,11.65855459,,,,,,,,,,7.316707083,,,,,8.066941066,,,,8.156775141,,,,,
Number of deaths ages 5-9 years,SH.DTH.0509,,,,,,,,,,,,,,,,,,,,,,,,,,,,,,,641,621,600,572,548,528,509,494,485,472,452,433,415,401,387,374,359,344,333,323,316,312,311,312,309,308,304,300,292,283,274,263,253,242,
Prevalence of anemia among children (% of children ages 6-59 months),SH.ANM.CHLD.ZS,,,,,,,,,,,,,,,,,,,,,,,,,,,,,,,,,,,,,,,,,13.7,13.6,13.5,13.5,13.5,13.5,13.6,13.6,13.6,13.7,13.7,13.8,13.8,13.8,14,14.2,14.4,14.7,15,15.5,,,,,
"Total alcohol consumption per capita, female (liters of pure alcohol, projected estimates, female 15+ years of age)",SH.ALC.PCAP.FE.LI,,,,,,,,,,,,,,,,,,,,,,,,,,,,,,,,,,,,,,,,,5.61,5.61,5.68,5.73,5.73,5.68,5.6,5.48,5.32,5.15,5.01,4.93,4.83,4.77,4.77,4.8,4.86,4.92,4.94,4.94,4.88,,,,
"Out-of-pocket expenditure per capita, PPP (current international $)",SH.XPD.OOPC.PP.CD,,,,,,,,,,,,,,,,,,,,,,,,,,,,,,,,,,,,,,,,,346.5697362,378.016843,401.0155909,400.0899495,395.1991057,370.3929585,365.7342969,445.654897,447.808174,427.495746,468.6894602,483.6786553,537.0484716,624.7968626,618.908065,627.1450351,636.9907543,660.2058003,720.0388353,787.0898491,658.2536035,783.9256133,857.0557731,880.6284206,
Domestic general government health expenditure per capita (current US$),SH.XPD.GHED.PC.CD,,,,,,,,,,,,,,,,,,,,,,,,,,,,,,,,,,,,,,,,,1536.924469,1579.673565,1822.289265,2180.75591,2704.602972,2881.630423,3146.947869,3570.09686,3497.05975,3169.34266,3196.00395,3390.759453,3416.926799,3459.994866,3780.890519,3569.925694,3253.074288,3147.711621,3372.24548,3404.394132,4094.951548,4731.674556,4182.902901,,
"External health expenditure per capita, PPP (current international $)",SH.XPD.EHEX.PP.CD,,,,,,,,,,,,,,,,,,,,,,,,,,,,,,,,,,,,,,,,,0.149467663,0.163002886,0.183679186,0.206692419,0.209517938,0.220102448,0.24511678,0.24111256,0.261005434,0.259343525,0.284672847,0.317063266,0.34584209,0.389375674,0.394331176,0.433050804,0.48676271,0.56113591,0.547532285,0.558395385,0.544006767,0.578404809,0.640166221,,
Current health expenditure per capita (current US$),SH.XPD.CHEX.PC.CD,,,,,,,,,,,,,,,,,,,,,,,,,,,,,,,,,,,,,,,,,2027.644165,2083.990234,2374.821777,2789.351318,3377.116943,3547.289795,3817.990723,4431.637695,4301.415527,3829.682861,3892.380127,4140.362305,4217.247559,4348.286621,4716.302246,4440.738281,4016.63916,3907.822266,4219.486328,4258.634766,4816.152832,5612.049316,5035.617188,5366.776855,
Unmet need for contraception (% of married women ages 15-49),SP.UWT.TFRT,,,,,,,,,,,,,,,,,,,,,,,,,,,,,,,,,,,,,,,,,,,,,,,,,,,,,8.12,,,,,,,,,,,,
Rural population (% of total population),SP.RUR.TOTL.ZS,21.556,21.626,21.763,21.901,22.04,22.179,22.318,22.459,22.6,22.741,22.883,22.97,22.805,22.642,22.479,22.317,22.156,21.995,21.836,21.677,21.519,21.412,21.461,21.511,21.56,21.61,21.66,21.71,21.76,21.81,21.86,21.888,21.828,21.768,21.707,21.647,21.587,21.528,21.468,21.409,21.349,21.249,20.953,20.661,20.371,20.085,19.801,19.521,19.243,18.969,18.698,18.43,18.163,17.898,17.635,17.374,17.114,16.857,16.602,16.348,16.097,15.848,15.602,15.358,15.116
Completeness of birth registration (%),SP.REG.BRTH.ZS,,,,,,,,,,,,,,,,,,,,,,,,,,,,,,,,,,,,,,,,,,,,,,,,,,,100,,,,100,,,100,,,,,100,,
"Completeness of birth registration, female (%)",SP.REG.BRTH.FE.ZS,,,,,,,,,,,,,,,,,,,,,,,,,,,,,,,,,,,,,,,,,,,,,,,,,,,,,,,,,,,,,100,,,,
"Population, female",SP.POP.TOTL.FE.IN,27087260,27265086,27460134,27637673,27802667,27974742,28125317,28275159,28414616,28532999,28637461,28738819,28823016,28870557,28877822,28865075,28853290,28846645,28850871,28873565,28906644,28922418,28918454,28901418,28923076,29001605,29083931,29134567,29328957,29551584,29641433,29738378,29784083,29818864,29892451,29961002,30023364,30089701,30166931,30254272,30343575,30437111,30543756,30665632,30821071,31014712,31222319,31441219,31663843,31880512,32103121,32327054,32537949,32736543,32959014,33168132,33401831,33565330,33716465,33873975,33914232,34022808,34328919,34773417,35138272
Population growth (annual %),SP.POP.GROW,,0.760459939,0.848661388,0.748366449,0.650257749,0.642468779,0.551303249,0.53854377,0.48676828,0.415803269,0.398722458,0.417666617,0.339057516,0.193198186,0.06305921,-0.007423363,-0.024603833,-0.032873848,0.005359908,0.089728661,0.119517254,0.034821732,-0.035842794,0.034101374,0.158261863,0.226951225,0.23161023,0.212637261,0.222063894,0.26031145,0.298930554,0.309247932,0.270431182,0.239745439,0.254586487,0.264547417,0.254626384,0.257553323,0.291406085,0.333405882,0.357300887,0.38497597,0.42333708,0.465641114,0.568943113,0.686611306,0.735048678,0.778666112,0.787032622,0.75639086,0.783888647,0.781506562,0.712282568,0.669537112,0.747135715,0.721624003,0.794219715,0.54570602,0.488451313,0.514596381,0.169447088,0.35893793,0.921336799,1.304979723,1.065956447
Sex ratio at birth (male births per female births),SP.POP.BRTH.MF,1.061,1.061,1.061,1.057,1.06,1.059,1.061,1.059,1.059,1.059,1.06,1.061,1.063,1.065,1.061,1.061,1.059,1.06,1.059,1.059,1.052,1.053,1.054,1.056,1.051,1.053,1.053,1.053,1.05,1.051,1.05,1.052,1.052,1.053,1.054,1.052,1.054,1.052,1.052,1.054,1.052,1.051,1.053,1.052,1.054,1.05,1.049,1.053,1.051,1.052,1.052,1.051,1.053,1.054,1.054,1.055,1.054,1.053,1.055,1.055,1.055,1.055,1.055,1.055,
"Population ages 75-79, female (% of female population)",SP.POP.7579.FE.5Y,2.773984052,2.802809862,2.835580259,2.903258544,2.976099502,2.990040632,2.970556046,2.971050892,2.987631304,3.000242918,3.030544236,3.078571596,3.122506463,3.163001717,3.225232343,3.313446286,3.404215742,3.488290521,3.572681415,3.648241568,3.703369872,3.747902743,3.796803056,3.853856331,3.899011494,3.917124807,3.91790473,3.919556544,3.91841988,3.922059483,3.917884464,3.871080223,3.768782564,3.598621959,3.482091303,3.540576492,3.670459751,3.802821296,3.942116094,3.991655062,3.911920068,3.803865496,3.720956236,3.654625872,3.611200043,3.580572076,3.549947539,3.510727155,3.46960416,3.432880399,3.402993635,3.39116675,3.410834537,3.447336735,3.482080739,3.491565334,3.480067827,3.502623212,3.57945414,3.687901835,3.777337364,3.885663315,4.126766941,4.371889623,4.472174365
"Population ages 65 and above, total",SP.POP.65UP.TO,6128434,6208802,6285664,6384258,6510525,6640535,6762192,6892022,7025618,7156229,7295447,7440180,7573189,7696021,7819320,7935647,8038244,8140868,8251047,8356150,8443854,8490694,8482309,8434078,8437447,8547429,8679335,8779431,8909512,9025148,9086535,9145244,9192215,9221339,9248096,9279632,9303026,9317878,9326206,9333236,9357878,9405430,9458582,9510239,9574521,9638726,9693621,9780054,9911806,10076423,10255011,10493033,10813887,11113946,11362835,11566125,11754283,11922308,12101554,12298722,12418252,12538500,12797650,13176579,13498909
"Population ages 65 and above, female",SP.POP.65UP.FE.IN,3764428,3825574,3882828,3948553,4028050,4112199,4190107,4267920,4345380,4421116,4501378,4583787,4658138,4725250,4792253,4855648,4910446,4964755,5024406,5081890,5130250,5156353,5152360,5128134,5132788,5193841,5264012,5315552,5379221,5431203,5453701,5473565,5485441,5487719,5490752,5495988,5493764,5483664,5468704,5452950,5446439,5451245,5458533,5463310,5474140,5486311,5496183,5526706,5581039,5654337,5736837,5845470,5992244,6127779,6240762,6332825,6421615,6505912,6597480,6700599,6764042,6827492,6966203,7169758,7343245
"Population ages 60-64, female (% of female population)",SP.POP.6064.FE.5Y,5.59631325,5.648371274,5.69875052,5.794023955,5.886342362,5.914933849,5.922558198,5.94010819,5.967735218,5.989532957,5.994534695,5.977663306,5.943715278,5.91097254,5.886647206,5.844768429,5.748147055,5.567925989,5.307759327,5.13539839,5.20568759,5.39483704,5.591378541,5.795194892,5.865810208,5.71144731,5.502523968,5.357759003,5.26409186,5.196903652,5.129547963,5.057773299,4.97511473,4.889864721,4.809094304,4.741551051,4.707553581,4.722000612,4.761720594,4.808813957,4.834321839,4.827146708,4.851261909,4.935483373,5.047221601,5.174510174,5.383249329,5.658898274,5.848557285,5.912401845,5.923331719,5.848079932,5.679707192,5.564525088,5.539674728,5.548495059,5.592283113,5.653050033,5.724089707,5.797021611,5.844297893,5.899143952,5.992824714,6.087361911,6.168592763
"Population ages 50-54, female (% of female population)",SP.POP.5054.FE.5Y,6.828871441,6.81044809,6.774227331,6.726645522,6.667994852,6.576502564,6.425620648,6.187283673,5.868772915,5.653541279,5.708634032,5.898666056,6.098337973,6.313511926,6.401765179,6.249291027,6.030651076,5.878345609,5.766079243,5.684324127,5.620039736,5.558295146,5.487672708,5.405199904,5.314472386,5.234285439,5.183565788,5.180825555,5.185394287,5.199443663,5.212601564,5.196054862,5.220364293,5.317693594,5.461226956,5.633663384,5.89789437,6.234539373,6.474169511,6.572206283,6.603525199,6.535908998,6.360850449,6.221676683,6.17076795,6.160653725,6.189136838,6.234118185,6.291724645,6.350394808,6.409930486,6.491733152,6.578282835,6.649524784,6.716777833,6.79425833,6.843166112,6.864916753,6.89813727,6.927872658,6.925389273,6.92450191,6.902661071,6.787853515,6.601248754
"Population ages 40-44, female (% of female population)",SP.POP.4044.FE.5Y,6.331063726,6.495102778,6.663812721,6.84976963,6.910180646,6.715710779,6.452570168,6.254958024,6.101105429,5.984834361,5.890326068,5.798679317,5.699741647,5.594408404,5.492878,5.413196582,5.372386133,5.379265901,5.426366682,5.48454482,5.505260173,5.488280218,5.503483359,5.605435104,5.74471711,5.893136161,6.145567368,6.490611174,6.744275727,6.84826903,6.88735538,6.823005421,6.642749128,6.511279565,6.482726177,6.497694759,6.555878604,6.633936233,6.721922618,6.809887114,6.898538122,7.002739516,7.103866756,7.183941524,7.254946184,7.329477279,7.373185276,7.38385913,7.393906137,7.398452746,7.354602859,7.309259137,7.24514056,7.068504736,6.840973669,6.636606346,6.404856356,6.18736134,6.081632054,6.074907372,6.123511336,6.217457864,6.35186917,6.481214939,6.551023216
"Population ages 30-34, female (% of female population)",SP.POP.3034.FE.5Y,6.293216068,6.197422003,6.120612372,5.996573343,5.844851563,5.735524263,5.668830784,5.638784036,5.642107047,5.665261491,5.665861808,5.636816821,5.644239312,5.726390235,5.845978859,5.99433272,6.262197883,6.629752332,6.913274658,7.057612167,7.131154567,7.077948915,6.865835323,6.66305895,6.568078989,6.543037643,6.571975317,6.635859397,6.776703034,6.928833325,7.042411774,7.168065159,7.289547269,7.390085303,7.474495852,7.564536378,7.620089907,7.642431916,7.669385288,7.694051564,7.669272858,7.63664284,7.57589934,7.3876192,7.144102162,6.937568807,6.698468379,6.462776067,6.350443753,6.343545992,6.417753378,6.533916104,6.64781367,6.724262324,6.742439441,6.743622049,6.740947242,6.709539542,6.631684743,6.56682546,6.524163218,6.52034436,6.571534593,6.623322702,6.626907205
"Population ages 20-24, female (% of female population)",SP.POP.2024.FE.5Y,6.137233936,6.121432269,6.133196136,6.185370517,6.264112715,6.376108638,6.60036342,6.921134434,7.166478974,7.280632579,7.328618483,7.253900147,7.022066442,6.800561252,6.677574359,6.618386629,6.623507062,6.686978012,6.779542538,6.908023277,7.085182168,7.285051544,7.480477193,7.659001566,7.794012699,7.878644455,7.89753826,7.851953401,7.783554413,7.728936885,7.650682613,7.56682408,7.425377977,7.157541576,6.867973754,6.60545997,6.306944514,6.021143391,5.874972614,5.847749505,5.904358242,6.01113193,6.124488106,6.222670034,6.31857831,6.441822258,6.550432199,6.587383725,6.529331066,6.456230346,6.42122884,6.410588625,6.421375045,6.452055436,6.443493796,6.355168448,6.241296328,6.123896888,6.033370089,5.96375043,5.909861793,5.860776894,5.73205281,5.561402449,5.510345005
"Population ages 15-64, male",SP.POP.1564.MA.IN,16679625,16836962,17040060,17188775,17265416,17316797,17344245,17357722,17357557,17356479,17368539,17403309,17441485,17473851,17509997,17561631,17632585,17711314,17799604,17910578,18027615,18130093,18236851,18393513,18539023,18604590,18638388,18692229,18552132,18378924,18380148,18366503,18381034,18410910,18438446,18497123,18561325,18622849,18699312,18799877,18931889,19077106,19210070,19311836,19430933,19610903,19813428,20009659,20171959,20301990,20438434,20537699,20556918,20570281,20638175,20727095,20840405,20893964,20936472,21003272,21026846,21124203,21332429,21597463,21831777
"Population ages 15-19, female (% of female population)",SP.POP.1519.FE.5Y,6.629198259,6.879738556,7.169396461,7.345838888,7.395053901,7.39616951,7.299867562,7.051997553,6.80245936,6.656090679,6.58730136,6.577066967,6.614311389,6.690482863,6.815681546,6.993677191,7.200034207,7.407454607,7.604449039,7.78262624,7.909812408,7.970251362,7.970927359,7.836516108,7.671383562,7.567210579,7.455735457,7.288790945,7.123828729,6.913934402,6.614237973,6.282453881,5.944286182,5.748509845,5.701195913,5.745570977,5.83985932,5.936796045,5.998103441,6.008254942,6.022158997,6.067248762,6.107732402,6.099842381,6.090994995,6.077500345,6.051728822,6.074714073,6.151411182,6.183498082,6.118047562,6.016944233,5.892072807,5.780342591,5.695409557,5.615494864,5.52070576,5.415579986,5.336643556,5.304565684,5.308703538,5.363816277,5.46069342,5.573619126,5.703725862
"Population ages 05-09, female (% of female population)",SP.POP.0509.FE.5Y,6.868416518,6.844803125,6.881480529,6.944139272,7.033847502,7.162575545,7.326134771,7.508643454,7.692126407,7.858912051,7.951424176,7.953636805,7.928966032,7.881002272,7.778516709,7.649471609,7.517606844,7.350476867,7.117724245,6.833013994,6.516905643,6.184638076,5.887071097,5.696938818,5.648255928,5.707370549,5.815536087,5.928648267,6.040645368,6.108090485,6.140494105,6.179400298,6.197981308,6.167314698,6.145770754,6.142440514,6.138410744,6.166362485,6.226766946,6.232736411,6.137843316,6.027026075,5.928892808,5.85622255,5.788329063,5.70032281,5.593294045,5.480936688,5.395749217,5.356939888,5.363793252,5.422166298,5.534429458,5.66688223,5.780268173,5.873032774,5.953650008,6.009191424,6.021403266,6.000489126,5.973552689,5.920705966,5.825612912,5.717970914,5.605487435
"Population ages 0-14, male",SP.POP.0014.MA.IN,6269110,6314724,6346970,6387848,6449442,6528175,6606854,6686617,6759290,6817159,6863181,6897702,6906514,6879348,6815089,6719095,6598296,6459420,6319389,6188548,6066353,5946978,5828387,5731973,5655314,5590486,5543754,5511375,5516948,5552257,5593171,5648337,5708511,5755220,5777505,5777261,5772999,5770189,5763395,5748030,5705611,5651272,5616604,5623180,5635520,5623177,5613634,5618237,5640426,5671682,5706636,5746494,5794490,5846009,5900737,5959473,6032096,6090309,6131989,6155630,6148713,6125981,6111205,6114298,6100286
"Population ages 00-04, female (% of female population)",SP.POP.0004.FE.5Y,7.471543377,7.644068509,7.816244507,7.992086236,8.149249641,8.259913756,8.29615936,8.266613509,8.192516636,8.06324668,7.878612924,7.675428191,7.46271241,7.210671406,6.918640725,6.601002281,6.262197883,5.952784939,5.756920126,5.70001069,5.74026406,5.828388551,5.933754116,6.018119607,6.057367587,6.07501619,6.105249881,6.157744951,6.181020175,6.193417301,6.19738599,6.18927252,6.224143628,6.29851843,6.313618531,6.227992033,6.111579067,5.99334705,5.897074884,5.816430688,5.725877526,5.622928534,5.533019102,5.478062949,5.462982918,5.489177245,5.557963656,5.66470323,5.782235124,5.877607734,5.944763215,5.996891886,6.032625353,6.032217412,6.000315707,5.950691979,5.875523755,5.773584364,5.660950945,5.540346076,5.436672652,5.311563817,5.151062528,5.01415127,4.923125663
Female headed households (% of households with a female head),SP.HOU.FEMA.ZS,,,,,,,,,,,,,,,,,,,,,,,,,,,,,,,,,,,,,,,,,,,,,,,,,,,,,,,,,,,,,,,,,
"Fertility rate, total (births per woman)",SP.DYN.TFRT.IN,2.69,2.78,2.86,2.88,2.93,2.86,2.78,2.68,2.6,2.51,2.44,2.41,2.2,2.04,1.92,1.81,1.74,1.69,1.75,1.86,1.9,1.82,1.78,1.77,1.77,1.79,1.78,1.81,1.82,1.79,1.83,1.82,1.79,1.76,1.74,1.71,1.73,1.72,1.71,1.68,1.64,1.63,1.63,1.7,1.75,1.76,1.82,1.86,1.91,1.89,1.92,1.91,1.92,1.83,1.81,1.8,1.79,1.74,1.68,1.632,1.571,1.583,1.49,1.42,1.41
"Mortality rate, infant, male (per 1,000 live births)",SP.DYN.IMRT.MA.IN,25.7,25.3,24.9,24.1,23.4,22.7,22,21.4,21.1,20.8,20.4,19.9,19.4,18.7,18.1,17.3,16.6,15.8,15,14.3,13.5,12.8,12.2,11.6,11.2,10.8,10.6,10.3,9.9,9.4,8.9,8.3,7.7,7.3,7,6.8,6.6,6.4,6.3,6.2,6.1,6,5.9,5.8,5.7,5.7,5.5,5.4,5.3,5.1,4.9,4.7,4.6,4.4,4.3,4.2,4.2,4.2,4.2,4.2,4.2,4.3,4.3,4.3,
"Contraceptive prevalence, any modern method (% of married women ages 15-49)",SP.DYN.CONM.ZS,,,,,,,,,,,,,,,,,,,,,,,,,,,78,,,,,,,82,,,,,77,69,75,80,,79,78,76,74,,,76,,,71.1,,,,,,,,,,,,
"Mortality rate, adult, female (per 1,000 female adults)",SP.DYN.AMRT.FE,109.365,110.912,110.498,111.365,107.739,108.28,108.542,104.594,106.317,109.382,106.877,105.395,107.623,105.536,104.664,102.725,103.044,99.982,101.766,100.469,96.533,94.264,92.496,90.337,88.436,87.047,84.421,83.524,81.767,80.426,78.124,75.839,74.16,74.268,71.992,72.505,71.238,69.783,69.213,68.318,67.6,65.765,64.844,64.551,62.084,61.571,60.813,60.006,60.097,58.132,57.445,55.723,54.293,53.751,53.443,53.822,54.788,52.681,54.096,53.185,57.012,59.375,56.403,,
"Domestic private health expenditure per capita, PPP (current international $)",SH.XPD.PVTD.PP.CD,,,,,,,,,,,,,,,,,,,,,,,,,,,,,,,,,,,,,,,,,460.2078147,504.2828869,534.2049464,535.4734271,533.81642,517.1646259,523.38343,606.9907342,623.2931023,596.6826543,641.3770186,662.3222732,721.7409991,816.8811191,813.5258888,822.5906018,820.7733846,862.1143772,922.850868,998.8229942,860.3336085,991.9687167,1091.49158,,
Out-of-pocket expenditure per capita (current US$),SH.XPD.OOPC.PC.CD,,,,,,,,,,,,,,,,,,,,,,,,,,,,,,,,,,,,,,,,,369.4273796,377.9199791,414.6311519,454.5490903,497.6854588,476.5419141,468.6975166,632.2955889,577.6518485,472.8979121,508.6546364,547.1556794,595.2346023,679.0921478,711.2906158,663.5600525,592.2408808,581.7129092,660.6533154,672.7805063,551.4528215,695.3305021,669.1717495,741.7253257,
Domestic general government health expenditure (% of general government expenditure),SH.XPD.GHED.GE.ZS,,,,,,,,,,,,,,,,,,,,,,,,,,,,,,,,,,,,,,,,,15.39725876,15.587327,16.05598831,16.24128342,16.66044426,16.532938,17.23350143,17.15899467,16.57486534,17.23506927,17.01038551,17.56054688,17.61323357,18.13915825,18.42700768,18.66418648,19.02472878,18.80131912,19.02513695,19.46484375,19.36759186,22.08565712,20.66609383,,
External health expenditure per capita (current US$),SH.XPD.EHEX.PC.CD,,,,,,,,,,,,,,,,,,,,,,,,,,,,,,,,,,,,,,,,,0.15932565,0.16296112,0.18991559,0.23482682,0.26385189,0.28318044,0.3141232,0.34209073,0.33668495,0.28688709,0.30894692,0.35867402,0.3833121,0.42321269,0.45319181,0.45819579,0.45256666,0.49442159,0.50237432,0.47729942,0.45574238,0.51303657,0.49982879,,
Current health expenditure (% of GDP),SH.XPD.CHEX.GD.ZS,,,,,,,,,,,,,,,,,,,,,,,,,,,,,,,,,,,,,,,,,7.15692902,7.45211363,7.87847328,8.07831287,8.3386755,8.39430904,8.54522514,8.75711441,9.04033756,9.84771252,9.78937912,9.7956152,9.89160061,9.97822475,9.90305996,9.83625221,9.76546955,9.60016823,9.73837566,9.95388126,11.96547699,12.01903439,11.05087757,10.872015,
Proportion of population pushed or further pushed below the $2.15 ($ 2017 PPP) poverty line by out-of-pocket health care expenditure (%),SH.UHC.TOT1.ZS,,,,,,,,,,,,,,,,,,,,,,,,,,,,,,,,,,,,,,,,0,0,,,,,0,,,,,0,,,0,,,0,0,0,0,0,,,,
Proportion of population pushed below the 60% median consumption poverty line by out-of-pocket health expenditure (%),SH.UHC.NOPR.ZS,,,,,,,,,,,,,,,,,,,,,,,,,,,,,,,,,,,,,,,,0.13,0.35,,,,,0.44,,,,,0.38,,,0.35,0.42,,0.35,0.58,0.37,0.69,0.35,,,,
Urban population (% of total population),SP.URB.TOTL.IN.ZS,78.444,78.374,78.237,78.099,77.96,77.821,77.682,77.541,77.4,77.259,77.117,77.03,77.195,77.358,77.521,77.683,77.844,78.005,78.164,78.323,78.481,78.588,78.539,78.489,78.44,78.39,78.34,78.29,78.24,78.19,78.14,78.112,78.172,78.232,78.293,78.353,78.413,78.472,78.532,78.591,78.651,78.751,79.047,79.339,79.629,79.915,80.199,80.479,80.757,81.031,81.302,81.57,81.837,82.102,82.365,82.626,82.886,83.143,83.398,83.652,83.903,84.152,84.398,84.642,84.884
Rural population growth (annual %),SP.RUR.TOTL.ZG,,1.084669384,1.480164263,1.380459654,1.282930645,1.271159796,1.176064695,1.168334346,1.112615837,1.037757603,1.021202874,0.797141218,-0.381860806,-0.524121455,-0.659446053,-0.730704818,-0.748640538,-0.762191839,-0.720157547,-0.641090279,-0.612039931,-0.463656291,0.19273916,0.266815797,0.385794972,0.458592095,0.462713595,0.443214089,0.452108511,0.489829569,0.527915755,0.437252573,-0.004065589,-0.035507331,-0.026037702,-0.012245079,-0.0229337,-0.016128407,0.012305613,0.058202149,0.07665411,-0.084534498,-0.979464267,-0.937751106,-0.844613311,-0.727294808,-0.689030674,-0.645498562,-0.647312856,-0.677734878,-0.655063794,-0.662170794,-0.747040937,-0.80022371,-0.733203476,-0.769449843,-0.71357843,-0.967374861,-1.035833182,-1.02716495,-1.377815683,-1.200029045,-0.643080768,-0.271282967,-0.522314201
"Completeness of birth registration, urban (%)",SP.REG.BRTH.UR.ZS,,,,,,,,,,,,,,,,,,,,,,,,,,,,,,,,,,,,,,,,,,,,,,,,,,,,,,,,,,,,,,,,,
"Population, male (% of total population)",SP.POP.TOTL.MA.ZS,48.30675564,48.36158015,48.43167242,48.48523294,48.51358016,48.5266861,48.53414575,48.53784797,48.53515559,48.53517659,48.55230242,48.58540123,48.60930977,48.62389903,48.64336664,48.66222501,48.67055717,48.66550523,48.66073691,48.66643544,48.66901031,48.65888112,48.6475151,48.69526514,48.73801166,48.7153532,48.68875368,48.7086002,48.48090747,48.22479608,48.222388,48.21344097,48.27392397,48.33752634,48.34171658,48.36004387,48.38415236,48.40316684,48.42125922,48.44410198,48.47634683,48.51610332,48.55396798,48.58863747,48.6211917,48.65216426,48.68701536,48.72805619,48.76980714,48.80792995,48.85298708,48.89715183,48.92883706,48.96000409,48.99564511,49.04109549,49.08800672,49.11722678,49.13716383,49.16183882,49.18759409,49.20755937,49.22058033,49.22995895,49.24122183
"Population, total",SP.POP.TOTL,52400000,52800000,53250000,53650000,54000000,54348050,54648500,54943600,55211700,55441750,55663250,55896223,56086065,56194527,56229974,56225800,56211968,56193492,56196504,56246951,56314216,56333829,56313641,56332848,56422072,56550268,56681396,56802050,56928327,57076711,57247586,57424897,57580402,57718614,57865745,58019030,58166950,58316954,58487141,58682466,58892514,59119673,59370479,59647577,59987905,60401206,60846820,61322463,61806995,62276270,62766365,63258810,63711000,64139000,64620000,65088000,65607000,65966000,66289000,66631000,66744000,66984000,67604000,68492000,69226000
"Age dependency ratio, young (% of working-age population)",SP.POP.DPND.YG,35.94525555,35.93356063,35.75136923,35.72542688,35.9518491,36.31485829,36.72210149,37.17101055,37.62612672,38.01100858,38.27347505,38.40114939,38.39954227,38.21894698,37.81768348,37.20253582,36.39126641,35.45650635,34.51349364,33.60950804,32.75972433,31.94892841,31.1422252,30.38922865,29.77465821,29.345932,29.04842754,28.81924129,28.95152385,29.26291599,29.46494028,29.75845322,30.06834852,30.27965549,30.3305347,30.21480258,30.05829663,29.91003931,29.73639759,29.48727042,29.05159395,28.56007242,28.20152781,28.06537126,27.92100154,27.59917517,27.28089523,27.04894121,26.94806968,26.93728446,26.94647921,27.02181313,27.22157284,27.44301032,27.61598541,27.78673418,27.98882682,28.19868927,28.34210584,28.37246954,28.32559922,28.10994356,27.78867936,27.47970452,27.14206028
"Population ages 80 and above, male (% of male population)",SP.POP.80UP.MA.5Y,1.307694385,1.314971247,1.311458922,1.300045118,1.30024831,1.325514176,1.350887817,1.363336471,1.366691565,1.371443337,1.381662889,1.390490139,1.393608763,1.394138098,1.399396008,1.407847383,1.413496681,1.425819058,1.448037812,1.474001804,1.514498287,1.570342018,1.633051186,1.697634924,1.768195453,1.837179916,1.902130603,1.975591433,2.064977279,2.153677758,2.226473372,2.293389805,2.362247665,2.430288372,2.499332733,2.556818192,2.583500957,2.579034142,2.550146067,2.556590671,2.649118814,2.769216665,2.864592188,2.939634438,3.008420219,3.083798748,3.161224622,3.233819269,3.297757948,3.365562099,3.442898362,3.526471103,3.606027016,3.671810545,3.737850548,3.802825917,3.870806959,3.951166557,4.039830705,4.138871234,4.195448305,4.201003773,4.238946635,4.336285108,4.448691926
"Population ages 70-74, male (% of male population)",SP.POP.7074.MA.5Y,2.665225907,2.657425293,2.6535214,2.667512271,2.68319334,2.681028013,2.678507854,2.684481334,2.701927914,2.743850793,2.820083966,2.918968145,3.027175873,3.141681483,3.249107155,3.337478682,3.414073793,3.484469371,3.547608956,3.603181515,3.646690993,3.675100264,3.696651526,3.706127492,3.702539955,3.684034906,3.623768104,3.499065229,3.381323252,3.329930189,3.393557721,3.536241053,3.682085041,3.848300278,3.95181033,3.93066757,3.876082782,3.842121605,3.812001295,3.78729245,3.766610806,3.748033389,3.72784419,3.705817227,3.686492673,3.675571826,3.68086273,3.705621624,3.75283325,3.809504751,3.82865497,3.801729887,3.792821312,3.832336872,3.891457331,3.968191531,4.161862324,4.463519848,4.6915265,4.803215569,4.864036565,4.850593701,4.688207189,4.511416597,4.431615741
"Population ages 65 and above, male (% of male population)",SP.POP.65UP.MA.ZS,9.339192118,9.3332121,9.316976941,9.363655399,9.476060286,9.586721737,9.697495692,9.839727169,10.00197549,10.16440085,10.33852996,10.51791612,10.69231387,10.8723995,11.06701404,11.25700927,11.43256122,11.61418462,11.79947372,11.9614719,12.0901046,12.16406014,12.15523198,12.05166446,12.01737977,12.17332367,12.37549492,12.51967545,12.79120036,13.05696117,13.15950826,13.26161343,13.33548574,13.3822706,13.4318951,13.4850679,13.53509919,13.58337797,13.6210236,13.64943077,13.70082033,13.78602271,13.87618416,13.96362096,14.05837007,14.13035052,14.16880738,14.23417176,14.36733251,14.54836535,14.73482027,15.02521484,15.46734418,15.87827133,16.17787142,16.39511819,16.55842365,16.71692623,16.89790051,17.0898395,17.22281335,17.32645836,17.52496692,17.8145735,18.0583008
"Population ages 65-69, male (% of male population)",SP.POP.6569.MA.5Y,3.627366134,3.632708896,3.635992085,3.660917643,3.726880684,3.824580513,3.941963914,4.072661309,4.20879259,4.325633664,4.411152171,4.476656712,4.531867904,4.583491384,4.632970894,4.66854406,4.686028691,4.698674676,4.708585351,4.705709514,4.678333784,4.60275398,4.449672525,4.216024216,4.068207432,4.140489555,4.312165069,4.484209221,4.719971836,4.885308017,4.838637207,4.747581641,4.681221649,4.620115966,4.570733599,4.523573381,4.477596225,4.435218334,4.39647857,4.364793202,4.347809685,4.352529839,4.37673514,4.41934727,4.468122237,4.476204294,4.430401263,4.397155526,4.418253153,4.468060003,4.543018459,4.750346181,5.078882825,5.323727194,5.436572891,5.489046512,5.407417534,5.18450898,5.005540655,4.924233733,4.896935472,4.907973747,4.963179774,5.05829566,5.139311749
"Population ages 55-59, male (% of male population)",SP.POP.5559.MA.5Y,6.232441531,6.260207691,6.278037152,6.318563978,6.354201832,6.345706372,6.311674854,6.268069653,6.224964342,6.177364253,6.102179463,5.962447598,5.735218003,5.440185667,5.249413303,5.315172753,5.514843178,5.73143458,5.959874909,6.066045831,5.956032508,5.789948964,5.681792932,5.586347512,5.512328097,5.466749011,5.418663581,5.360775976,5.339390148,5.32164446,5.270734296,5.244847548,5.242455171,5.280807014,5.351462909,5.38109852,5.351420706,5.333402592,5.367133457,5.42436903,5.515539478,5.756789286,6.125024443,6.401896586,6.532260616,6.584419099,6.473914617,6.18737051,5.943958529,5.820913597,5.765379717,5.771305273,5.824665222,5.903615306,5.982349969,6.052333759,6.13694955,6.208578893,6.232980134,6.254243895,6.288436392,6.287150513,6.312180212,6.367699763,6.415482999
"Population ages 45-49, male (% of male population)",SP.POP.4549.MA.5Y,7.098061584,6.916754935,6.669738262,6.340331312,6.09445215,6.122341866,6.304507421,6.497241515,6.701451097,6.785138117,6.633496333,6.416325301,6.264188741,6.15231629,6.070744183,6.005870866,5.946438409,5.886874294,5.819154655,5.7441852,5.679520538,5.643720434,5.652722301,5.709720501,5.79438131,5.840416134,5.818677275,5.810901436,5.854856806,5.914102346,5.999921631,6.258745591,6.666956893,6.980980042,7.148201852,7.240427944,7.157657407,6.876929508,6.633474761,6.513240891,6.466519313,6.478039953,6.530812829,6.621055388,6.713415488,6.790096813,6.874956464,6.926914723,6.923752383,6.924865219,6.949153294,6.926576174,6.901587102,6.902265681,6.914844478,6.888900134,6.826780816,6.806661656,6.783135616,6.680861908,6.596031666,6.513804171,6.323053841,6.142205384,6.062399436
"Population ages 35-39, male (% of male population)",SP.POP.3539.MA.5Y,7.362156838,7.100984316,6.899995533,6.737313662,6.601055437,6.496244887,6.403624882,6.304585369,6.187843569,6.068519131,5.973192834,5.916626568,5.909077019,5.957813354,6.042906394,6.091507695,6.070203613,6.06489775,6.126358422,6.209203635,6.304644149,6.553854101,6.950393128,7.253372958,7.418755139,7.522657054,7.461253706,7.209784792,6.968218634,6.833194272,6.780146134,6.795104323,6.849730993,6.935207273,7.039211913,7.147209104,7.274460643,7.372185081,7.404269458,7.430581592,7.486125748,7.504761593,7.526476766,7.557886541,7.581287385,7.551672343,7.468531569,7.422410413,7.370637764,7.232140415,7.060415119,6.899583073,6.683918983,6.497960178,6.432329098,6.468094655,6.549770579,6.64205113,6.708163679,6.715614755,6.719350498,6.756120856,6.756818952,6.675102971,6.631062668
"Population ages 25-29, male (% of male population)",SP.POP.2529.MA.5Y,6.505467162,6.460672999,6.444292835,6.448612505,6.480136099,6.510212632,6.483056397,6.454626417,6.470175907,6.503868039,6.567846727,6.811019578,7.209154045,7.509459282,7.664406901,7.772630081,7.730353297,7.486009118,7.269608744,7.168586622,7.116939589,7.115433705,7.167469785,7.249838641,7.390446958,7.588108862,7.787347145,7.983864524,7.927409956,7.785463637,7.810539148,7.776023201,7.769096165,7.782437905,7.775497166,7.72907259,7.629397553,7.561672679,7.494404868,7.355712783,7.19564245,7.048847039,6.830147963,6.621239452,6.544429328,6.608096806,6.743128451,6.904018447,7.033016339,7.065067814,7.069255117,7.077145026,7.029046269,6.899804146,6.820174546,6.823435959,6.839864457,6.87678582,6.95160525,6.984850808,6.944209503,6.916730326,6.863686846,6.785026508,6.716176293
Population ages 15-64 (% of total population),SP.POP.1564.TO.ZS,64.95593802,64.91473089,64.96872735,64.91058756,64.68722064,64.39611067,64.09060745,63.75704813,63.41465181,63.10536134,62.84184492,62.63625513,62.49818315,62.44055632,62.46951343,62.59804927,62.83402304,63.12933483,63.42672903,63.72586675,64.02982668,64.36421797,64.76737872,65.2110124,65.53347249,65.6265369,65.6245936,65.62980184,65.41186568,65.12903261,64.98103154,64.79302423,64.60900152,64.49481972,64.46533306,64.51331149,64.59129311,64.67707057,64.78849667,64.94488394,65.17567046,65.40978213,65.57530511,65.63519108,65.69620854,65.86418966,66.04982733,66.15673713,66.13987422,66.03245384,65.90306032,65.66788253,65.2614605,64.86985247,64.58118494,64.3494176,64.13356487,63.9059469,63.69246384,63.51988225,63.42787868,63.44655894,63.44042791,63.35272885,63.31518593
"Population ages 15-64, female (% of female population)",SP.POP.1564.FE.ZS,64.07915385,63.95731151,63.93190819,63.81056641,63.53952747,63.20427675,62.86261937,62.50255054,62.13263879,61.78894095,61.49733198,61.26901658,61.10147161,61.01137746,61.00388931,61.09328751,61.30204313,61.57826604,61.84908855,62.10967981,62.37417234,62.68056834,63.06014087,63.46300151,63.7425971,63.81506455,63.81031382,63.79653253,63.7109229,63.59924837,63.49195146,63.35525168,63.19176892,63.09631941,63.10924249,63.19172562,63.31555782,63.45974763,63.62472604,63.83026516,64.10484612,64.37189043,64.57065406,64.69120022,64.82203845,65.03965694,65.26033865,65.38958066,65.396704,65.30810875,65.18531837,64.97041724,64.60705542,64.26027986,64.00126736,63.78608925,63.57646453,63.34581692,63.12828399,62.94112485,62.82748073,62.82503077,62.79206752,62.67456512,62.60636061
"Population ages 10-14, male (% of male population)",SP.POP.1014.MA.5Y,8.617780016,8.424518278,8.081802114,7.772792936,7.585470055,7.493362573,7.471402855,7.528106392,7.624491147,7.74523892,7.895461776,8.045828691,8.192457952,8.354680781,8.532341901,8.680062092,8.76649662,8.800264713,8.767590878,8.649447062,8.488476128,8.325775227,8.123651076,7.877928092,7.574047601,7.217739895,6.858593091,6.522875421,6.379639127,6.403463218,6.461916618,6.563551055,6.665602067,6.74709092,6.779127513,6.80095551,6.845955811,6.870474986,6.807031439,6.75140338,6.739010265,6.721025422,6.736036714,6.807225372,6.82848844,6.733199763,6.617904538,6.499807714,6.396450411,6.306033981,6.201481432,6.066191012,5.925027513,5.8206416,5.767413431,5.772040555,5.845243404,5.974206262,6.116090863,6.236864441,6.319913574,6.377344683,6.439309887,6.473055476,6.461259862
Population ages 0-14 (% of total population),SP.POP.0014.TO.ZS,23.34857804,23.32617474,23.2272096,23.1895837,23.25625214,23.38535607,23.5354178,23.6991393,23.86047697,23.98698512,24.05175762,24.05304173,23.99901682,23.86412244,23.62452277,23.28806086,22.86609748,22.38345764,21.89078002,21.4179508,20.9759948,20.5636773,20.17000341,19.81712278,19.51236706,19.25871846,19.0629128,18.91401057,18.93773192,19.05865409,19.14662167,19.2814021,19.42685988,19.52881003,19.5526797,19.49257028,19.41504306,19.34493778,19.26576539,19.15047364,18.93457169,18.6810808,18.49323883,18.42075991,18.34303898,18.17797358,18.0189849,17.89469666,17.82342024,17.78734984,17.75855431,17.74465247,17.76519546,17.80224095,17.83473066,17.8806022,17.95023256,18.02063948,18.05178609,18.02215966,17.96632599,17.83479229,17.62925737,17.40914204,17.1850467
"Population ages 0-14, female (% of female population)",SP.POP.0014.FE.ZS,22.02343396,22.01165208,21.92822028,21.90258143,21.97247528,22.09603841,22.23939017,22.40320952,22.57459783,22.71631316,22.78417427,22.78117229,22.73735207,22.62160255,22.40118419,22.08483285,21.67928736,21.21087804,20.73581914,20.28982718,19.8781779,19.4912086,19.1230006,18.79346096,18.51105942,18.27613123,18.09030241,17.95863699,17.94808564,18.02203038,18.1091358,18.23901973,18.39087361,18.50016438,18.52239923,18.46446812,18.38614575,18.31586538,18.24713305,18.14600018,17.9459206,17.71824518,17.55815609,17.49305751,17.41693188,17.27095993,17.13628397,17.03251938,16.97739085,16.95586234,16.94465369,16.94729733,16.97677419,17.02125413,17.06381632,17.12081072,17.19819813,17.27134989,17.30418545,17.27791041,17.22796515,17.1075707,16.91541169,16.70693295,16.49550157
Teenage mothers (% of women ages 15-19 who have had children or are currently pregnant),SP.MTR.1519.ZS,,,,,,,,,,,,,,,,,,,,,,,,,,,,,,,,,,,,,,,,,,,,,,,,,,,,,,,,,,,,,,,,,
Wanted fertility rate (births per woman),SP.DYN.WFRT,,,,,,,,,,,,,,,,,,,,,,,,,,,,,,,,,,,,,,,,,,,,,,,,,,,,,,,,,,,,,,,,,
"Life expectancy at birth, male (years)",SP.DYN.LE00.MA.IN,68.2,68,68,67.9,68.6,68.6,68.5,69.1,68.7,68.6,68.9,69.2,69.1,69.3,69.5,69.7,69.8,70.2,70.2,70.3,70.7,71.1,71.3,71.5,71.9,71.8,72.1,72.5,72.6,72.9,73.1,73.4,73.8,73.8,74.3,74.3,74.6,74.65,74.8,75,75.4,75.7,75.9,76.3,76.6,77,77.2,77.4,77.6,78.1,78.5,79,79.1,79.2,79.5,79.2,79.4,79.5,79.5,79.554,78.362,78.72,79.1,79.362,
"Mortality rate, infant (per 1,000 live births)",SP.DYN.IMRT.IN,22.9,22.6,22.1,21.5,20.8,20.2,19.6,19.1,18.8,18.4,18.1,17.7,17.2,16.7,16.1,15.4,14.8,14.1,13.4,12.7,12.1,11.4,10.8,10.3,10,9.7,9.4,9.1,8.8,8.3,7.9,7.3,6.9,6.5,6.3,6.1,5.9,5.8,5.7,5.6,5.5,5.5,5.4,5.3,5.2,5.1,5,4.9,4.8,4.6,4.4,4.3,4.1,4,3.9,3.9,3.8,3.8,3.8,3.8,3.9,3.9,3.9,4,
"Death rate, crude (per 1,000 people)",SP.DYN.CDRT.IN,11.5,12,11.9,12.2,11.3,11.6,11.8,11.2,11.9,11.9,11.8,11.5,12,11.9,11.9,11.8,12.1,11.7,11.9,12,11.7,11.7,11.8,11.7,11.4,11.9,11.7,11.3,11.4,11.5,11.2,11.3,11,11.4,10.8,11.1,10.9,10.8,10.8,10.8,10.3,10.2,10.2,10.2,9.7,9.6,9.4,9.4,9.4,9,8.9,8.7,8.9,9,8.8,9.2,9.1,9.2,9.2,9.019,10.268,9.784,9.512,9.518,
"Adolescent fertility rate (births per 1,000 women ages 15-19)",SP.ADO.TFRT,31.353,34.192,36.19,37.806,40.502,44.61,48.723,50.033,49.419,49.239,48.888,48.18,46.119,42.786,39.161,35.321,31.646,28.964,28.944,29.883,30.081,28.341,27.881,27.679,28.094,29.675,30.39,31.59,33.009,33.083,34.394,34.115,32.598,30.698,28.669,27.589,28.429,29.348,30.356,30.357,28.732,27.051,26.242,26.859,27.278,26.542,26.008,25.276,25.31,24.826,23.648,21.728,20.042,17.494,15.803,14.712,13.952,12.978,12.068,11.064,9.701,8.578,8.379,8.359,
Domestic private health expenditure per capita (current US$),SH.XPD.PVTD.PC.CD,,,,,,,,,,,,,,,,,,,,,,,,,,,,,,,,,,,,,,,,,490.5603383,504.1536683,552.3426454,608.3605936,672.2501799,665.376096,670.7287668,861.1990272,804.0192958,660.0533082,696.0672724,749.2441301,799.9375089,887.8686607,934.9584584,870.3541165,763.1124141,759.6162624,846.7383364,853.7635704,720.7456113,879.8616783,852.2144685,,
Out-of-pocket expenditure (% of current health expenditure),SH.XPD.OOPC.CH.ZS,,,,,,,,,,,,,,,,,,,,,,,,,,,,,,,,,,,,,,,,,18.21953773,18.13444138,17.45946312,16.29587173,14.73699188,13.43397236,12.27602577,14.26776218,13.42934227,12.34822655,13.06795883,13.21516514,14.11429119,15.61746502,15.08153248,14.9425621,14.74468613,14.88585949,15.65719795,15.79803181,11.45006847,12.38995743,13.28877258,13.82068539,
Domestic private health expenditure (% of current health expenditure),SH.XPD.PVTD.CH.ZS,,,,,,,,,,,,,,,,,,,,,,,,,,,,,,,,,,,,,,,,,24.19361115,24.19174957,23.25827789,21.81011009,19.90603828,18.75730896,17.56758499,19.43297195,18.69196892,17.23519516,17.88281822,18.09610176,18.96823692,20.41881561,19.8239727,19.59931183,18.99877739,19.43835258,20.06733322,20.04782295,14.96517277,15.67808247,16.92373466,,
"Domestic general government health expenditure per capita, PPP (current international $)",SH.XPD.GHED.PP.CD,,,,,,,,,,,,,,,,,,,,,,,,,,,,,,,,,,,,,,,,,1441.830079,1580.078448,1762.449355,1919.481395,2147.655024,2239.751817,2455.628045,2516.277476,2710.996156,2865.059181,2944.892779,2997.388192,3082.91102,3183.358759,3289.827791,3374.014403,3498.877419,3572.445165,3675.37353,3982.820605,4888.027603,5334.55798,5357.340747,,
Domestic general government health expenditure (% of current health expenditure),SH.XPD.GHED.CH.ZS,,,,,,,,,,,,,,,,,,,,,,,,,,,,,,,,,,,,,,,,,75.79853058,75.8004303,76.7337265,78.18147278,80.08615112,81.23471069,82.42418671,80.55930328,81.30020142,82.75730896,82.1092453,81.89524078,81.02267456,79.57145691,80.16641998,80.3903656,80.98995209,80.54899597,79.92076111,79.94097137,85.02536011,84.31277466,83.06633759,,
"Current health expenditure per capita, PPP (current international $)",SH.XPD.CHEX.PP.CD,,,,,,,,,,,,,,,,,,,,,,,,,,,,,,,,,,,,,,,,,1902.187365,2084.524337,2296.837965,2455.161496,2681.680974,2757.136551,2979.256571,3123.509328,3334.550281,3462.001186,3586.554492,3660.027544,3804.997854,4000.629265,4103.748018,4197.038091,4320.137609,4435.12067,4598.77196,4982.201983,5748.905257,6327.105087,6449.472471,6371.8141,
Proportion of population pushed or further pushed below the 60% median consumption poverty line by out-of-pocket health expenditure (%),SH.UHC.TOTR.ZS,,,,,,,,,,,,,,,,,,,,,,,,,,,,,,,,,,,,,,,,0.67,8.88,,,,,7.57,,,,,8.57,,,8.23,8.47,,8.07,9.83,9.17,10.9,7.98,,,,
Proportion of population spending more than 25% of household consumption or income on out-of-pocket health care expenditure (%),SH.UHC.OOPC.25.ZS,,,,,,,,,,,,,,,,,,,,,,,,,,,,,,,,,,,,,,,,0.09,0.26,,,,,0.34,,,,,0.44,,,0.48,0.4,,0.51,0.51,0.37,0.46,0.56,,,,
Proportion of population pushed below the $2.15 ($ 2017 PPP) poverty line by out-of-pocket health care expenditure (%),SH.UHC.NOP1.ZS,,,,,,,,,,,,,,,,,,,,,,,,,,,,,,,,,,,,,,,,0,0,,,,,0,,,,,0,,,0,,,0,0,0,0,0,,,,
"Incidence of tuberculosis (per 100,000 people)",SH.TBS.INCD,,,,,,,,,,,,,,,,,,,,,,,,,,,,,,,,,,,,,,,,,12,11,13,13,13,15,15,15,15,15,14,15,15,13,11,10,9.9,8.9,8,8.1,7,8,7.8,7.6,
Domestic general government health expenditure (% of GDP),SH.XPD.GHED.GD.ZS,,,,,,,,,,,,,,,,,,,,,,,,,,,,,,,,,,,,,,,,,5.42484713,5.64873409,6.04544592,6.31574392,6.67812443,6.81909227,7.04333305,7.05467033,7.34981251,8.14970207,8.0379858,8.02214241,8.01443958,7.93981838,7.93892813,7.90739918,7.90904903,7.73283911,7.78298426,7.95722914,10.17368984,10.13358212,9.17955971,,
External health expenditure (% of current health expenditure),SH.XPD.EHEX.CH.ZS,,,,,,,,,,,,,,,,,,,,,,,,,,,,,,,,,,,,,,,,,0.00785767,0.00781967,0.00799705,0.00841869,0.00781293,0.00798301,0.00822745,0.00771928,0.00782731,0.00749114,0.00793722,0.00866287,0.00908915,0.00973286,0.00960905,0.01031801,0.0112673,0.0126521,0.01190605,0.0112078,0.00946279,0.0091417,0.00992587,,
Newborns protected against tetanus (%),SH.VAC.TTNS.ZS,,,,,,,,,,,,,,,,,,,,,,,,,,,,,,,,,,,,,,,,,,,,,,,,,,,,,,,,,,,,,,,,,
UHC service coverage index,SH.UHC.SRVS.CV.XD,,,,,,,,,,,,,,,,,,,,,,,,,,,,,,,,,,,,,,,,,72,,,,,79,,,,,83,,,,,85,,86,,87,,88,,,
Proportion of population pushed below the $3.65 ($ 2017 PPP) poverty line by out-of-pocket health care expenditure (%),SH.UHC.NOP2.ZS,,,,,,,,,,,,,,,,,,,,,,,,,,,,,,,,,,,,,,,,0,0,,,,,0,,,,,0,,,0,,,0,0,0,0,0,,,,
Proportion of population pushed further below the $2.15 ($ 2017 PPP) poverty line by out-of-pocket health care expenditure (%),SH.UHC.FBP1.ZS,,,,,,,,,,,,,,,,,,,,,,,,,,,,,,,,,,,,,,,,0,0,,,,,0,,,,,0,,,0,,,0,0,0,0,0,,,,
"Prevalence of severe wasting, weight for height (% of children under 5)",SH.SVR.WAST.ZS,,,,,,,,,,,,,,,,,,,,,,,,,,,,,,,,,,,,,,,,,,,,,,,,0.1,0.1,0.1,0,0.3,0.1,0,0.1,0.1,0.1,0.3,0.1,0.1,,,,,
"Prevalence of wasting, weight for height, male (% of children under 5)",SH.STA.WAST.MA.ZS,,,,,,,,,,,,,,,,,,,,,,,,,,,,,,,,,,,,,,,,,,,,,,,,0.4,0.4,0.3,0.1,0.7,0.3,0.2,0.3,0.5,0.3,0.2,0.3,0.3,,,,,
"Suicide mortality rate (per 100,000 population)",SH.STA.SUIC.P5,,,,,,,,,,,,,,,,,,,,,,,,,,,,,,,,,,,,,,,,,8.51,8.23,8.27,7.99,8.2,7.9,7.83,7.54,8.05,7.94,7.8,8.33,8.27,8.74,8.45,8.62,8.25,7.98,9.16,9.39,8.9,9.55,,,
"Prevalence of stunting, height for age (modeled estimate, % of children under 5)",SH.STA.STNT.ME.ZS,,,,,,,,,,,,,,,,,,,,,,,,,,,,,,,,,,,,,,,,,3.6,3.5,3.5,3.4,3.3,3.3,3.2,3.2,3.1,3,2.9,2.9,2.8,2.8,2.8,2.9,2.9,2.9,3,3,3.1,3.2,3.3,3.4,3.5
"Prevalence of stunting, height for age, female (% of children under 5)",SH.STA.STNT.FE.ZS,,,,,,,,,,,,,,,,,,,,,,,,,,,,,,,,,,,,,,,,,,,,,,,,2.4,2.2,2,2.2,0.8,2.2,2.1,2.2,2.1,2.2,2,2.1,2.1,,,,,
"Mortality rate attributed to unintentional poisoning, male (per 100,000 male population)",SH.STA.POIS.P5.MA,,,,,,,,,,,,,,,,,,,,,,,,,,,,,,,,,,,,,,,,,0.38,0.42,0.39,0.28,0.29,0.24,0.38,0.35,0.43,0.45,0.39,0.32,0.29,0.34,0.38,0.38,0.41,0.39,0.41,0.35,0.37,0.38,,,
"Prevalence of overweight, weight for height (modeled estimate, % of children under 5)",SH.STA.OWGH.ME.ZS,,,,,,,,,,,,,,,,,,,,,,,,,,,,,,,,,,,,,,,,,7,7,7.1,7.2,7.3,7.3,7.4,7.5,7.5,7.6,7.7,7.7,7.8,7.9,7.9,7.9,8,8,8,8,7.9,7.9,7.9,7.8,7.8
"Prevalence of overweight, weight for height, female (% of children under 5)",SH.STA.OWGH.FE.ZS,,,,,,,,,,,,,,,,,,,,,,,,,,,,,,,,,,,,,,,,,,,,,,,,6.8,6.4,6.5,8.6,5.6,6.5,7.3,6.6,11.5,6.5,5.8,6.6,6.8,,,,,
"People practicing open defecation, urban (% of urban population)",SH.STA.ODFC.UR.ZS,,,,,,,,,,,,,,,,,,,,,,,,,,,,,,,,,,,,,,,,,0,0,0,0,0,0,0,0,0,0,0,0,0,0,0,0,0,0,0,0,0,0,0,,
"Prevalence of underweight, weight for age (% of children under 5)",SH.STA.MALN.ZS,,,,,,,,,,,,,,,,,,,,,,,,,,,,,,,,,,,,,,,,,,,,,,,,0.7,0.6,0.6,0.6,0.1,0.6,0.6,0.6,0.6,0.6,0.5,0.6,0.6,,,,,
"People with basic handwashing facilities including soap and water, urban (% of urban population)",SH.STA.HYGN.UR.ZS,,,,,,,,,,,,,,,,,,,,,,,,,,,,,,,,,,,,,,,,,,,,,,,,,,,,,,,,,,,,,,,,,
Low-birthweight babies (% of births),SH.STA.BRTW.ZS,,,,,,,,,,,,,,,,,,,,,,,,,,,,,,,,,,,,,,,,,7.547919517,7.513050549,7.476905731,7.432719487,7.385226742,7.336112076,7.292928553,7.26035037,7.232159929,7.212219461,7.192664118,7.168143415,7.141714808,7.10654881,7.064807353,7.021113679,6.976121275,6.933941752,6.896297664,6.860310738,6.827130399,,,,
"People using at least basic sanitation services, urban (% of urban population)",SH.STA.BASS.UR.ZS,,,,,,,,,,,,,,,,,,,,,,,,,,,,,,,,,,,,,,,,,99.03639669,99.03639669,99.03639669,99.03639669,99.03639669,99.03639669,99.03639669,99.03639669,99.03639669,99.03639669,99.03639669,99.03639669,99.03639669,99.03639669,99.03639669,99.03639669,99.03639669,99.03639669,99.03639669,99.03639669,99.03639669,99.03639669,99.03639669,,
"Mortality rate attributed to household and ambient air pollution, age-standardized (per 100,000 population)",SH.STA.AIRP.P5,,,,,,,,,,,,,,,,,,,,,,,,,,,,,,,,,,,,,,,,,,,,,,,,,,,,,,,,,,,,13.4,,,,,
Risk of impoverishing expenditure for surgical care (% of people at risk),SH.SGR.IRSK.ZS,,,,,,,,,,,,,,,,,,,,,,,,,,,,,,,,,,,,,,,,,,,,0.1,0.1,0.1,0.1,0,0.1,0.1,0,0,0,0,0,0,0,0,0,0,0,0,0,,
Prevalence of current tobacco use (% of adults),SH.PRV.SMOK,,,,,,,,,,,,,,,,,,,,,,,,,,,,,,,,,,,,,,,,,37.6,,,,,30,,27.5,,,24.1,,,,,19.3,,,,,15.6,14.9,14.2,,
Number of maternal deaths,SH.MMR.DTHS,,,,,,,,,,,,,,,,,,,,,,,,,,13,16,23,31,40,48,53,56,60,64,63,61,63,69,77,82,85,89,95,94,90,89,87,89,84,83,79,73,68,70,71,73,69,69,65,93,90,100,57,
"Specialist surgical workforce (per 100,000 population)",SH.MED.SAOP.P5,,,,,,,,,,,,,,,,,,,,,,,,,,,,,,,,,,,,,,,,,,,,,,,,,,,,,,,92.39,133.3,,,,,,,,,
"Hospital beds (per 1,000 people)",SH.MED.BEDS.ZS,10.69999981,,,,,,,,,,9.600000381,,,,,,,,,,8.100000381,,,,,7.400000095,,,,,5.900000095,5.599999905,5.400000095,5.099999905,4.800000191,4.800000191,4.599999905,4.599999905,4.400000095,4.199999809,4.08,4.04,3.98,3.95,3.86,3.72,3.54,3.39,3.34,3.27,2.93,2.88,2.8,2.75,2.72,2.61,2.57,2.54,2.5,2.45,2.43,2.35,,,
Antiretroviral therapy coverage for PMTCT (% of pregnant women living with HIV),SH.HIV.PMTC.ZS,,,,,,,,,,,,,,,,,,,,,,,,,,,,,,,,,,,,,,,,,,,,,,,,,,,,,,,,,,,,,,,,,
"Incidence of HIV, all (per 1,000 uninfected population)",SH.HIV.INCD.TL.P3,,,,,,,,,,,,,,,,,,,,,,,,,,,,,,,,,,,,,,,,,,,,,,,,,,,,,,,,,0.1,0.1,0.1,0.1,0.1,0.1,0.1,0.1,
Antiretroviral therapy coverage (% of people living with HIV),SH.HIV.ARTC.ZS,,,,,,,,,,,,,,,,,,,,,,,,,,,,,,,,,,,,,,,,,,,,,,,,,,,,,,,,,89,91,91,93,91,91,93,94,
People using safely managed drinking water services (% of population),SH.H2O.SMDW.ZS,,,,,,,,,,,,,,,,,,,,,,,,,,,,,,,,,,,,,,,,,100,99.99999771,99.99999743,99.99999644,99.99999768,100,99.99817827,99.98605229,99.97392792,99.96180187,99.94967515,99.93754244,99.92542051,99.91329104,99.90116269,99.88903783,99.87690775,99.86478467,99.85265697,99.84052717,99.82840528,99.81627467,99.80414701,,
"People using at least basic drinking water services, urban (% of urban population)",SH.H2O.BASW.UR.ZS,,,,,,,,,,,,,,,,,,,,,,,,,,,,,,,,,,,,,,,,,100,100,100,100,100,100,100,100,100,100,100,100,100,100,100,100,100,100,100,100,100,100,100,,
"Mortality from CVD, cancer, diabetes or CRD between exact ages 30 and 70 (%)",SH.DYN.NCOM.ZS,,,,,,,,,,,,,,,,,,,,,,,,,,,,,,,,,,,,,,,,,16.5,16.1,15.7,15.3,14.6,14.2,13.8,13.5,13.2,12.6,12.4,11.9,11.7,11.5,11.3,11.3,11.3,11,11.3,10.7,10.8,11,,,
"Mortality rate, under-5, female (per 1,000 live births)",SH.DYN.MORT.FE,23.3,22.9,22.4,21.9,21.2,20.5,20,19.6,19,18.7,18.3,18,17.5,17,16.3,15.8,15,14.4,13.8,13.1,12.4,11.7,11.1,10.7,10.3,10,9.7,9.4,9,8.6,8.1,7.6,7.2,6.8,6.6,6.4,6.2,6.1,6,5.9,5.8,5.8,5.7,5.6,5.5,5.4,5.3,5.2,5,4.8,4.7,4.4,4.3,4.2,4.1,4,4,4,4,4,4,4,4,4,
"Probability of dying among youth ages 20-24 years (per 1,000)",SH.DYN.2024,,,,,,,,,,,,,,,,,,,,,,,,,,,,,,,3.1,3.1,3,3,3,3,3,3,3,3,2.9,2.9,2.8,2.8,2.7,2.6,2.6,2.5,2.4,2.2,2.1,1.9,1.8,1.8,1.8,1.8,1.8,1.8,1.8,1.9,1.9,1.9,1.9,2,
Number of neonatal deaths,SH.DTH.NMRT,,14668,14594,14411,14115,13553,12939,12336,11833,11350,10920,10486,9695,8945,8241,7503,6857,6263,6051,5945,5607,5022,4603,4345,4183,4102,3956,3868,3741,3584,3566,3504,3418,3280,3162,3012,2917,2827,2767,2706,2606,2504,2440,2488,2540,2542,2574,2584,2575,2489,2443,2359,2280,2126,2066,2059,2077,2062,2017,1968,1888,1890,1865,1846,
Number of infant deaths,SH.DTH.IMRT,20442,20790,21008,20990,20663,20010,19185,18387,17678,17016,16343,15648,14618,13324,12116,11005,10077,9352,9005,9026,8927,8413,7814,7428,7198,7110,7043,6956,6815,6511,6189,5840,5425,5035,4724,4492,4342,4248,4135,3999,3841,3708,3636,3656,3717,3724,3733,3763,3760,3675,3569,3473,3366,3211,3071,3016,2985,2932,2851,2778,2711,2700,2724,2719,
Number of deaths ages 10-14 years,SH.DTH.1014,,,,,,,,,,,,,,,,,,,,,,,,,,,,,,,679,675,668,660,646,632,619,605,586,566,551,536,524,515,503,484,464,444,428,411,395,378,361,347,337,331,329,330,331,331,328,323,321,316,
Prevalence of anemia among non-pregnant women (% of women ages 15-49),SH.ANM.NPRG.ZS,,,,,,,,,,,,,,,,,,,,,,,,,,,,,,,,,,,,,,,,,9.4,9.2,9,9,9,9.1,9.2,9.4,9.6,9.8,10,10.2,10.4,10.6,10.8,11,11.1,11.4,11.6,11.9,12.2,12.6,13.1,13.5,
"Total alcohol consumption per capita (liters of pure alcohol, projected estimates, 15+ years of age)",SH.ALC.PCAP.LI,,,,,,,,,,,,,,,,,,,,,,,,,,,,,,,,,,,,,,,,,12.28,12.28,12.42,12.5,12.51,12.38,12.19,11.94,11.61,11.25,10.95,10.79,10.57,10.44,10.44,10.52,10.64,10.77,10.82,10.82,10.73,,,,
Proportion of population pushed or further pushed below the $3.65 ($ 2017 PPP) poverty line by out-of-pocket health care expenditure (%),SH.UHC.TOT2.ZS,,,,,,,,,,,,,,,,,,,,,,,,,,,,,,,,,,,,,,,,0,0,,,,,0,,,,,0.06,,,0,,,0,0,0,0,0,,,,
Proportion of population spending more than 10% of household consumption or income on out-of-pocket health care expenditure (%),SH.UHC.OOPC.10.ZS,,,,,,,,,,,,,,,,,,,,,,,,,,,,,,,,,,,,,,,,0.81,2,,,,,2.03,,,,,1.73,,,1.64,2.03,,2.09,2.2,2.27,2.22,2.36,,,,
Proportion of population pushed further below the 60% median consumption poverty line by out-of-pocket health care expenditure (%),SH.UHC.FBPR.ZS,,,,,,,,,,,,,,,,,,,,,,,,,,,,,,,,,,,,,,,,0.54,8.53,,,,,7.13,,,,,8.19,,,7.88,8.05,,7.72,9.25,8.8,10.21,7.63,,,,
"Tuberculosis case detection rate (%, all forms)",SH.TBS.DTEC.ZS,,,,,,,,,,,,,,,,,,,,,,,,,,,,,,,,,,,,,,,,,89,89,89,89,89,89,89,89,89,89,89,89,89,89,89,89,89,89,89,89,89,89,89,100,
"Prevalence of severe wasting, weight for height, female (% of children under 5)",SH.SVR.WAST.FE.ZS,,,,,,,,,,,,,,,,,,,,,,,,,,,,,,,,,,,,,,,,,,,,,,,,0,0,0,0,0.4,0,0,0,0,0,0.4,0,0,,,,,
"Mortality rate attributed to unsafe water, unsafe sanitation and lack of hygiene (per 100,000 population)",SH.STA.WASH.P5,,,,,,,,,,,,,,,,,,,,,,,,,,,,,,,,,,,,,,,,,,,,,,,,,,,,,,,,,,,,6.1,,,,,
"Suicide mortality rate, female (per 100,000 female population)",SH.STA.SUIC.FE.P5,,,,,,,,,,,,,,,,,,,,,,,,,,,,,,,,,,,,,,,,,4.31,3.88,4.17,4.11,4.3,4.12,3.79,3.63,3.83,3.72,3.76,3.93,3.67,3.78,3.99,4.29,4.01,3.85,4.51,4.49,4.45,4.6,,,
"Prevalence of stunting, height for age, female (modeled estimate, % of children under 5)",SH.STA.STNT.ME.FE.ZS,,,,,,,,,,,,,,,,,,,,,,,,,,,,,,,,,,,,,,,,,3.2,3.1,3,2.9,2.9,2.8,2.8,2.7,2.7,2.6,2.6,2.5,2.5,2.5,2.5,2.5,2.5,2.5,2.6,2.6,2.7,2.8,2.9,3,3.1
"People using safely managed sanitation services, urban (% of urban population)",SH.STA.SMSS.UR.ZS,,,,,,,,,,,,,,,,,,,,,,,,,,,,,,,,,,,,,,,,,98.88331058,98.88331058,98.88331058,98.88331058,98.88331058,98.88331058,98.88331058,98.89436808,98.90542558,98.91648308,98.92754058,98.93859809,98.94965559,98.95579865,98.95579865,98.95579865,98.95579865,98.95579865,98.95579865,98.95579865,98.95579865,98.95579865,98.95579865,,
"Mortality rate attributed to unintentional poisoning (per 100,000 population)",SH.STA.POIS.P5,,,,,,,,,,,,,,,,,,,,,,,,,,,,,,,,,,,,,,,,,0.25,0.3,0.29,0.23,0.25,0.19,0.29,0.27,0.32,0.34,0.33,0.27,0.25,0.27,0.31,0.33,0.31,0.33,0.36,0.29,0.33,0.33,,,
"Prevalence of overweight, weight for height, female (modeled estimate, % of children under 5)",SH.STA.OWGH.ME.FE.ZS,,,,,,,,,,,,,,,,,,,,,,,,,,,,,,,,,,,,,,,,,6.5,6.6,6.6,6.7,6.8,6.8,6.9,7,7,7.1,7.2,7.2,7.3,7.3,7.4,7.4,7.4,7.4,7.4,7.4,7.4,7.4,7.3,7.3,7.3
Diarrhea treatment (% of children under 5 receiving oral rehydration and continued feeding),SH.STA.ORCF.ZS,,,,,,,,,,,,,,,,,,,,,,,,,,,,,,,,,,,,,,,,,,,,,,,,,,,,,,,,,,,,,,,,,
"Maternal mortality ratio (national estimate, per 100,000 live births)",SH.STA.MMRT.NE,,,,,,,,,,,,,,,,,,,,,,,,,,,,,,,,,,,,,,,,,,,,,,,,,,,,,,,,,,,,,,,,,
"Prevalence of underweight, weight for age, female (% of children under 5)",SH.STA.MALN.FE.ZS,,,,,,,,,,,,,,,,,,,,,,,,,,,,,,,,,,,,,,,,,,,,,,,,0.6,0.6,0.5,0.5,0.6,0.5,0.5,0.4,0.5,0.5,0.4,0.5,0.5,,,,,
Female genital mutilation prevalence (%),SH.STA.FGMS.ZS,,,,,,,,,,,,,,,,,,,,,,,,,,,,,,,,,,,,,,,,,,,,,,,,,,,,,,,,,,,,,,,,,
Exclusive breastfeeding (% of children under 6 months),SH.STA.BFED.ZS,,,,,,,,,,,,,,,,,,,,,,,,,,,,,,,,,,,,,,,,,,,,,,,,,,,,,,,,,,,,,,,,,
ARI treatment (% of children under 5 taken to a health provider),SH.STA.ARIC.ZS,,,,,,,,,,,,,,,,,,,,,,,,,,,,,,,,,,,,,,,,,,,,,,,,,,,,,,,,,,,,,,,,,
"Mortality rate attributed to household and ambient air pollution, age-standardized, female (per 100,000 female population)",SH.STA.AIRP.FE.P5,,,,,,,,,,,,,,,,,,,,,,,,,,,,,,,,,,,,,,,,,,,,,,,,,,,,,,,,,,,,10.5,,,,,
"Prevalence of current tobacco use, males (% of male adults)",SH.PRV.SMOK.MA,,,,,,,,,,,,,,,,,,,,,,,,,,,,,,,,,,,,,,,,,38.5,,,,,31.4,,29.2,,,25.9,,,,,21.2,,,,,17.4,16.7,16.1,,
Lifetime risk of maternal death (%),SH.MMR.RISK.ZS,,,,,,,,,,,,,,,,,,,,,,,,,,0.002975439,0.003696546,0.005063139,0.006943475,0.008800268,0.010560101,0.011567937,0.012239328,0.013120487,0.013930367,0.013706071,0.013143887,0.01341619,0.014780501,0.016422048,0.017474055,0.017887518,0.018866502,0.020071613,0.019856537,0.018696399,0.018318921,0.01778291,0.018070004,0.017092047,0.016748051,0.015856863,0.014659013,0.013735925,0.014045254,0.014284327,0.014627624,0.013883026,0.013773259,0.013050473,0.018737458,0.017982659,0.020910069,0.011427867,
Use of insecticide-treated bed nets (% of under-5 population),SH.MLR.NETS.ZS,,,,,,,,,,,,,,,,,,,,,,,,,,,,,,,,,,,,,,,,,,,,,,,,,,,,,,,,,,,,,,,,,
"Nurses and midwives (per 1,000 people)",SH.MED.NUMW.P3,,,,,,,,,,,,,,,,,,,,,,,,,,,,,,,,,,,,,,,,,8.607,8.818,9.121,9.361,9.511,9.634,9.482,9.146,9.165,8.995,8.893,8.682,8.415,8.407,8.406,8.38,8.356,8.307,8.538,8.688,8.962,9.167,9.151,,
"Immunization, DPT (% of children ages 12-23 months)",SH.IMM.IDPT,,,,,,,,,,,,,,,,,,,,,41,46,53,59,65,65,67,73,75,78,84,88,92,93,93,94,94,92,91,92,91,91,91,91,92,91,92,92,92,93,94,95,95,95,95,95,94,94,94,93,93,93,92,92,92
"Incidence of HIV, ages 15-24 (per 1,000 uninfected population ages 15-24)",SH.HIV.INCD.YG.P3,,,,,,,,,,,,,,,,,,,,,,,,,,,,,,,,,,,,,,,,,,,,,,,,,,,,,,,,,,,,,,,,,
Children (ages 0-14) newly infected with HIV,SH.HIV.INCD.14,,,,,,,,,,,,,,,,,,,,,,,,,,,,,,,,,,,,,,,,,,,,,,,,,,,,,,,,,,,,,,,,,
"Prevalence of HIV, female (% ages 15-24)",SH.HIV.1524.FE.ZS,,,,,,,,,,,,,,,,,,,,,,,,,,,,,,,,,,,,,,,,,,,,,,,,,,,,,,,,,,,,,,,,,
"People using safely managed drinking water services, rural (% of rural population)",SH.H2O.SMDW.RU.ZS,,,,,,,,,,,,,,,,,,,,,,,,,,,,,,,,,,,,,,,,,,,,,,,,,,,,,,,,,,,,,,,,,
Demand for family planning satisfied by modern methods (% of married women with demand for family planning),SH.FPL.SATM.ZS,,,,,,,,,,,,,,,,,,,,,,,,,,,,,,,,,,,,,,,,,,,,,,,,,,,,,,,,,,,,,,,,,
"Mortality from CVD, cancer, diabetes or CRD between exact ages 30 and 70, female (%)",SH.DYN.NCOM.FE.ZS,,,,,,,,,,,,,,,,,,,,,,,,,,,,,,,,,,,,,,,,,13,12.6,12.3,12,11.5,11.3,11,10.8,10.6,10.1,10,9.7,9.7,9.5,9.2,9.2,9.3,9,9.2,8.8,8.8,9.1,,,
"Prevalence of HIV, total (% of population ages 15-49)",SH.DYN.AIDS.ZS,,,,,,,,,,,,,,,,,,,,,,,,,,,,,,,,,,,,,,,,,,,,,,,,,,,,,,,,,0.2,0.2,0.2,0.2,0.2,0.2,0.2,0.2,
"Probability of dying among adolescents ages 10-14 years (per 1,000)",SH.DYN.1014,,,,,,,,,,,,,,,,,,,,,,,,,,,,,,,1,0.9,0.9,0.9,0.9,0.8,0.8,0.8,0.8,0.8,0.7,0.7,0.7,0.7,0.6,0.6,0.6,0.6,0.6,0.5,0.5,0.5,0.5,0.5,0.5,0.5,0.4,0.4,0.4,0.4,0.4,0.4,0.4,0.4,
Number of under-five deaths,SH.DTH.MORT,23493,23872,24112,24102,23775,23113,22263,21417,20645,19903,19136,18333,17185,15754,14386,13100,11989,11091,10595,10502,10333,9782,9158,8746,8483,8359,8267,8164,8002,7667,7298,6896,6428,5989,5637,5366,5180,5052,4912,4751,4570,4412,4313,4308,4348,4343,4343,4366,4354,4257,4136,4021,3895,3721,3562,3488,3439,3370,3274,3189,3108,3082,3092,3073,
Number of deaths ages 20-24 years,SH.DTH.2024,,,,,,,,,,,,,,,,,,,,,,,,,,,,,,,2788,2727,2652,2564,2475,2400,2327,2239,2168,2128,2120,2128,2134,2129,2119,2115,2110,2069,1964,1837,1725,1628,1560,1541,1552,1559,1563,1561,1558,1560,1571,1589,1588,1561,
"Condom use, population ages 15-24, male (% of males ages 15-24)",SH.CON.1524.MA.ZS,,,,,,,,,,,,,,,,,,,,,,,,,,,,,,,,,,,,,,,,,,,,,,,,,,,,,,,,,,,,,,,,,
Prevalence of anemia among women of reproductive age (% of women ages 15-49),SH.ANM.ALLW.ZS,,,,,,,,,,,,,,,,,,,,,,,,,,,,,,,,,,,,,,,,,9.7,9.5,9.3,9.3,9.3,9.4,9.5,9.7,9.9,10,10.2,10.4,10.6,10.8,11,11.1,11.3,11.5,11.7,12,12.3,12.7,13.1,13.6,
0-4 Males,,4.073181248,4.166176924,4.252701471,4.325107929,4.385149732,4.434536162,4.454356716,4.438682816,4.39467794,4.320700407,4.233222352,4.149069492,4.044898547,3.909983383,3.754136606,3.581953525,3.39764551,3.22876123,3.119049346,3.085212674,3.105613061,3.151134251,3.205629784,3.252887295,3.274611922,3.282342401,3.299381349,3.327772388,3.331982208,3.330570524,3.331930631,3.328480599,3.345664687,3.39234905,3.413450015,3.374025712,3.316598556,3.25385642,3.41316857,3.15280018,3.098687589,3.036789234,2.983798391,2.956369111,2.950858115,2.96144986,2.994710086,3.049666517,3.107509313,3.153316834,3.186398159,3.212242621,3.230654708,3.231059422,3.214338774,3.18730198,3.146379814,3.091960916,3.032710568,2.968852459,2.912438102,2.843352451,2.756487552,2.683502926,2.633174608
5-9 Males,,3.727800511,3.719299197,3.752339373,3.81275564,3.878277976,3.940976778,4.009187887,4.077302415,4.147260436,4.216208923,4.2631736,4.282026223,4.286938243,4.269670844,4.215474315,4.144335698,4.073891759,3.983507708,3.859739966,3.707869705,3.53545849,3.354309542,3.192283482,3.086122541,3.057178488,3.087378594,3.141809566,3.19780019,3.266153204,3.309084788,3.322122002,3.343047489,3.350571195,3.31744198,3.293730743,3.294556538,3.295922228,3.315147765,3.581495437,3.371683523,3.322664885,3.261468465,3.205853027,3.163434022,3.123475828,3.072412454,3.009076743,2.944896684,2.898825382,2.876131597,2.875863384,2.905663779,2.96525798,3.033747369,3.091321917,3.138051498,3.178592473,3.206173282,3.212402814,3.203379025,3.191331695,3.163952276,3.113757264,3.056840117,2.997352548
10-14 Males,,4.16297057,4.074230136,3.914151719,3.768657393,3.679983706,3.636280285,3.626181235,3.653981432,3.700558475,3.759165297,3.833429236,3.909097889,3.982297831,4.062371455,4.15041909,4.223912174,4.266702846,4.282693387,4.266374198,4.209378544,4.131257239,4.05122972,3.951955088,3.836178721,3.691440233,3.516148102,3.339364143,3.177201102,3.092907539,3.088057675,3.11609023,3.164514471,3.217747254,3.261376608,3.277147174,3.288945634,3.312358313,3.325528096,3.515478194,3.270656389,3.266825919,3.2607803,3.270613713,3.307538776,3.320092229,3.275848002,3.222060673,3.16723052,3.119536276,3.077844339,3.029609499,2.966195095,2.899046774,2.849786897,2.825781809,2.830672266,2.86931391,2.93436488,3.005273378,3.066157001,3.108612366,3.13813535,3.169466253,3.186683112,3.181603855
15-19 Males,,3.489027227,3.645115501,3.81949557,3.911003774,3.938191926,3.954965259,3.895811597,3.750680485,3.629277614,3.574942413,3.553830955,3.561236487,3.593968683,3.63339792,3.689543813,3.775540762,3.871301509,3.963621926,4.057961448,4.15646915,4.236107641,4.282809447,4.297802497,4.289205042,4.219327101,4.093787692,3.9955112,3.913988557,3.786440821,3.627824255,3.501114239,3.379897344,3.240810611,3.118867904,3.054452537,3.058241713,3.09476115,3.143202471,3.393755265,3.19645516,3.218979187,3.263885477,3.295178402,3.263644031,3.219724861,3.200920733,3.197532034,3.217502034,3.262778052,3.290016841,3.264726623,3.2206225,3.163521057,3.10960305,3.064856551,3.019444114,2.964183881,2.906264283,2.865209633,2.849089583,2.851266807,2.87554307,2.920688409,2.977302184,3.042884554
20-24 Males,,3.13673347,3.118332222,3.133744375,3.185816871,3.232638929,3.26725959,3.385525017,3.573537439,3.712249144,3.784307665,3.833998727,3.8071966,3.682787662,3.5783727,3.536530553,3.523303716,3.543281384,3.589818729,3.637191172,3.694431128,3.77583335,3.860025036,3.936944272,4.044328444,4.16102375,4.240348848,4.25850322,4.238803029,4.035656383,3.83960722,3.799035456,3.736329206,3.710111475,3.679628777,3.585178492,3.470838304,3.360563626,3.216987169,3.300087117,3.044019638,3.052000747,3.089585682,3.14102012,3.205107116,3.271774094,3.33142584,3.377414177,3.39037689,3.330877103,3.275627872,3.285057868,3.313294003,3.339609501,3.378476598,3.396879967,3.366335689,3.325346285,3.280177349,3.24142047,3.21178302,3.1923042,3.162993193,3.086709467,2.993122704,2.957185162
25-29 Males,,3.142580606,3.124483312,3.12107938,3.126625319,3.143746543,3.159191031,3.14649656,3.132937268,3.140309665,3.15666452,3.188841435,3.30916083,3.504320521,3.651390835,3.728226211,3.782335481,3.762406891,3.643105004,3.537444923,3.488695497,3.463744738,3.462290095,3.486795679,3.53032795,3.601957794,3.696574684,3.791562124,3.888829472,3.843281027,3.754524688,3.766428343,3.749089135,3.750448096,3.761837826,3.758808588,3.737783538,3.691419173,3.660088876,3.870471871,3.563407847,3.48818542,3.419825763,3.316308467,3.217169897,3.18198011,3.214982695,3.283027648,3.364193776,3.429988307,3.4483131,3.453542152,3.460522892,3.439230405,3.378144245,3.34158898,3.346287388,3.357552875,3.377686995,3.415821526,3.433880914,3.415689297,3.403554635,3.378346358,3.340265621,3.307127842
30-34 Males,,3.253929339,3.220230804,3.194439491,3.146173181,3.080633134,3.033267106,3.010198105,3.004426612,3.014923706,3.036108104,3.045031609,3.028584731,3.018466855,3.0400179,3.074136366,3.119377237,3.247449228,3.449557307,3.602923592,3.679791884,3.724584367,3.690511303,3.561426965,3.458718622,3.415258816,3.392174497,3.394541139,3.428273369,3.452648841,3.475299318,3.522760509,3.577882999,3.634918207,3.663713055,3.677652711,3.702787182,3.705628788,3.70503723,3.959375382,3.727461583,3.725112846,3.693750982,3.674597526,3.654504188,3.594476679,3.51814909,3.446880592,3.348502108,3.271348472,3.254089213,3.277880827,3.317268226,3.358469587,3.390146225,3.398699104,3.405106238,3.4116509,3.392793741,3.335626732,3.297828594,3.290580636,3.307839894,3.359603134,3.419726389,3.454490703
35-39 Males,,3.556419658,3.434148053,3.34178292,3.266602771,3.202408852,3.152412026,3.107944232,3.060109651,3.003280103,2.945366211,2.900122324,2.874617222,2.872361071,2.896921718,2.939472745,2.964263762,2.954401713,2.951513816,2.981131683,3.021797888,3.068407621,3.189031699,3.381194149,3.532049883,3.615753756,3.664689599,3.632792143,3.511785991,3.378255403,3.295293765,3.269549002,3.276153424,3.30663439,3.352308282,3.402876459,3.456394053,3.519685926,3.568371716,3.823920691,3.599678225,3.629001144,3.641018627,3.654402954,3.672274054,3.686112114,3.674051873,3.636205646,3.616796149,3.59464646,3.529858591,3.449223548,3.373699353,3.270363608,3.181402162,3.151561575,3.172024099,3.215151551,3.262391055,3.296201969,3.301519497,3.305086548,3.324522624,3.325745351,3.2861503,3.265216122
40-44 Males,,3.166165197,3.263604214,3.360993467,3.447824943,3.47151523,3.389000216,3.273238779,3.185424232,3.115925441,3.06226749,3.016648705,2.974587945,2.935266712,2.89466682,2.853864218,2.823065232,2.809176863,2.816667535,2.846888217,2.889528849,2.911785866,2.901008964,2.900149922,2.929297066,2.963662484,3.00641249,3.128567721,3.32068453,3.468706279,3.547493207,3.591379081,3.548386088,3.407325211,3.2868428,3.228801559,3.206960753,3.219062689,3.254610949,3.523673953,3.354781368,3.402732853,3.460434264,3.508979866,3.52170829,3.52635464,3.54582249,3.544253145,3.538755453,3.544118705,3.551558833,3.529343891,3.483924198,3.465543531,3.450580108,3.395182619,3.322423059,3.253941506,3.159715215,3.080109568,3.057317907,3.070286768,3.106954059,3.164894484,3.222984697,3.250658319
45-49 Males,,3.428842837,3.345052739,3.230266391,3.074124921,2.95663742,2.970970167,3.059839325,3.153621723,3.252560366,3.293179478,3.220714939,3.117397896,3.044979344,2.991495758,2.953014875,2.922590079,2.894164485,2.864876892,2.831643149,2.795490828,2.764166975,2.746170769,2.749908536,2.780364079,2.824066053,2.845179849,2.833041114,2.830409346,2.838487381,2.852064347,2.893305172,3.017556369,3.218402148,3.37443371,3.455563214,3.501473872,3.463171659,3.32865229,3.425845161,3.155281542,3.134732228,3.142893194,3.170969356,3.217081298,3.264142378,3.303529653,3.347211602,3.3753515,3.376700477,3.379883104,3.394868813,3.386899,3.376866887,3.379349413,3.38797236,3.378392505,3.351130375,3.343243192,3.333041059,3.284434356,3.244428973,3.205284481,3.112243609,3.023805719,2.985200073
50-54 Males,,3.348589372,3.334853237,3.314737234,3.298794864,3.278438597,3.232531217,3.151034172,3.024994647,2.864192274,2.754231565,2.774333189,2.864297017,2.965158349,3.078178542,3.134835841,3.080151075,2.991573567,2.92957555,2.883658665,2.849410561,2.821071399,2.79593226,2.769751235,2.735247665,2.69696712,2.666998596,2.650705407,2.652885915,2.685051792,2.725453103,2.736133518,2.717334912,2.703021347,2.717381771,2.748052163,2.794854236,2.921470402,3.118208921,3.487181452,3.34745795,3.385827245,3.341774659,3.210542252,3.093621685,3.029385679,3.000272493,3.001524052,3.025610619,3.066317771,3.106759864,3.138977632,3.178923079,3.21445095,3.224809944,3.229682736,3.244823839,3.241644361,3.238688051,3.248031462,3.263336457,3.266976237,3.253055401,3.256307856,3.264821862,3.226509578
55-59 Males,,3.010690761,3.0275351,3.040558018,3.063570045,3.082651311,3.07936066,3.063317978,3.042386615,3.021295827,2.998195296,2.962748314,2.896878662,2.787850283,2.645230905,2.553491813,2.586480942,2.684104633,2.789232242,2.900119564,2.952128961,2.898742641,2.817324835,2.764050678,2.720286376,2.686598891,2.663145675,2.638279394,2.61115861,2.58858442,2.566352685,2.54167443,2.528721133,2.530739175,2.552611104,2.586988616,2.602302053,2.589239177,2.581535385,2.77184548,2.627786417,2.673732683,2.792969561,2.973942956,3.110594163,3.176063535,3.20346215,3.151955448,3.014985916,2.898857626,2.841067884,2.81655995,2.822003558,2.849941445,2.890410058,2.931091367,2.968130376,3.012505906,3.049481481,3.062709461,3.074701062,3.09313098,3.093752994,3.106891544,3.1348158,3.159062041
60-64 Males,,2.29836607,2.374833166,2.443015031,2.518186939,2.586133362,2.623818892,2.644418284,2.663774323,2.68417081,2.700533325,2.706615917,2.701079254,2.692554753,2.685616191,2.676854318,2.657009059,2.610166611,2.520477806,2.394901511,2.315010561,2.348105682,2.438210048,2.536405002,2.631665418,2.67313596,2.62989502,2.559224789,2.510850998,2.511464181,2.516480456,2.485036436,2.452170248,2.419970262,2.39007683,2.365807689,2.349500147,2.34542867,2.357156332,2.543959737,2.420286748,2.436212612,2.422488676,2.41032562,2.420859235,2.441404518,2.475118199,2.576796137,2.738153762,2.861383801,2.922706166,2.952536462,2.908992427,2.787890621,2.688488548,2.640237498,2.621758821,2.632411393,2.663398924,2.705456726,2.747881057,2.773972719,2.802694117,2.84355063,2.86983301,2.888629698
65-69 Males,,1.752262211,1.756834876,1.760971167,1.775004745,1.808042622,1.855942523,1.913198827,1.976781568,2.04274444,2.099453489,2.141715467,2.175001082,2.202910022,2.22867266,2.253633418,2.271817861,2.280715911,2.28663341,2.291231847,2.290100723,2.276898307,2.239648947,2.164655499,2.053003684,1.982763904,2.017054466,2.099539836,2.184196002,2.28828562,2.355930284,2.333306855,2.288972079,2.259808827,2.233249334,2.209571463,2.187602448,2.16644653,2.146786534,2.270552515,2.114484344,2.107658957,2.111677459,2.125078971,2.147300254,2.172454674,2.17777066,2.157029642,2.142648797,2.154773924,2.180767145,2.219400643,2.322783562,2.485037947,2.606496761,2.66368433,2.691888106,2.654393885,2.546487417,2.459581154,2.420843503,2.408685065,2.415094417,2.442905584,2.490197313,2.530659615
70-74 Males,,1.287483411,1.285173154,1.285145033,1.293349755,1.301713368,1.301013368,1.299990206,1.302989681,1.311384274,1.331732214,1.369215068,1.418192614,1.471489507,1.527607442,1.580475386,1.624090815,1.661648232,1.695735017,1.726292077,1.753539522,1.774807873,1.788262955,1.798329429,1.804708073,1.804544802,1.794690933,1.764366987,1.704345174,1.639296513,1.605851479,1.636454885,1.704942978,1.777486313,1.860172651,1.910372417,1.900872029,1.875410152,1.859708025,1.96870119,1.834719248,1.825915752,1.818399277,1.810015769,1.800605653,1.792416165,1.788245566,1.792102466,1.805677709,1.830249057,1.859339907,1.870412673,1.858937927,1.855783678,1.876312639,1.906644117,1.946044836,2.042975567,2.192357497,2.305282728,2.361349483,2.392502882,2.386858354,2.307562458,2.220968927,2.182182117
75-79 Males,,0.8400081,0.835738933,0.83108985,0.841305452,0.856621913,0.85193419,0.837764638,0.834485234,0.837019705,0.836490871,0.837833716,0.841402658,0.845637487,0.852419276,0.868546028,0.896911804,0.933968848,0.975850516,1.019559294,1.060237021,1.095335973,1.126872745,1.155795476,1.184208697,1.207940295,1.223543541,1.235443838,1.247334758,1.272588278,1.296303696,1.302408905,1.294241457,1.259915602,1.200493728,1.165044483,1.196431066,1.256981434,1.319956491,1.478280113,1.424621449,1.423886029,1.414847663,1.411470248,1.408498429,1.407745776,1.408371259,1.410130549,1.411931579,1.413587334,1.417986995,1.426628091,1.440836791,1.462783139,1.493474638,1.524739336,1.537465124,1.530729627,1.531342407,1.553226583,1.584741458,1.606659606,1.656762469,1.788987195,1.924190765,1.988695682
80-84 Males,,0.443632418,0.442069174,0.438018862,0.432071488,0.430003263,0.438127912,0.448248772,0.451445366,0.450765999,0.451410351,0.450623287,0.447615629,0.446775028,0.447397141,0.448937429,0.45181324,0.454177741,0.458894973,0.466569564,0.476744858,0.493533538,0.51664178,0.542869245,0.570119527,0.597270568,0.620761919,0.641002192,0.661999298,0.68290139,0.703950754,0.722324425,0.736738205,0.753460764,0.771125269,0.786372226,0.796662346,0.795716134,0.777665908,0.796032809,0.733747315,0.765195511,0.814813042,0.861861805,0.905716534,0.934094101,0.942323083,0.944936523,0.950411941,0.956886787,0.966641477,0.979104209,0.992936858,1.006423155,1.017554511,1.029084508,1.041626056,1.056560368,1.076883135,1.103052932,1.131128428,1.142348691,1.130391247,1.124587619,1.142028682,1.171008551
85-89 Males,,0.154695959,0.159039618,0.160901938,0.161094659,0.161928193,0.163980172,0.164822679,0.166072288,0.166866293,0.167613378,0.17241909,0.178805423,0.180401903,0.17953406,0.180248699,0.180362437,0.179160115,0.17968052,0.18211839,0.183988438,0.186183556,0.188895813,0.191877301,0.195815714,0.20231775,0.21081007,0.220864805,0.234270246,0.249433005,0.263015759,0.276189533,0.289150342,0.30160988,0.313226379,0.326166527,0.338568085,0.3478594,0.358558558,0.395146525,0.380725947,0.38881883,0.392325074,0.386224548,0.373802423,0.373432222,0.396832496,0.429466569,0.459962822,0.486659938,0.506276056,0.518665781,0.529456524,0.540941912,0.551545957,0.563150994,0.574706218,0.586100133,0.597382593,0.606969364,0.618155485,0.627324992,0.636392412,0.653201163,0.675655302,0.6950964
90-94 Males,,0.030065547,0.031356755,0.032618885,0.033388672,0.034833003,0.036818183,0.038020105,0.039304284,0.040511844,0.041183858,0.042009357,0.042998468,0.043793397,0.044273963,0.044699344,0.045995979,0.047559546,0.048082968,0.048496191,0.048969427,0.049395818,0.050118478,0.051013679,0.051965092,0.053176809,0.05416525,0.054806964,0.056238782,0.058621833,0.061160721,0.064347887,0.068721877,0.073836702,0.078548554,0.083221281,0.088068662,0.092530597,0.097260636,0.108884424,0.107123468,0.112094478,0.116954371,0.122111323,0.126993527,0.132059264,0.136650718,0.138821448,0.137874117,0.135491961,0.138787799,0.151811393,0.168641509,0.183424225,0.194727776,0.203479773,0.209587942,0.214690867,0.220541314,0.22659089,0.234314977,0.240618476,0.245540104,0.251956228,0.258371251,0.263682093
95-99 Males,,0.003140552,0.003292053,0.003429516,0.003576692,0.003821576,0.004069243,0.004305336,0.004647681,0.004894947,0.005112143,0.005443395,0.005789907,0.006050368,0.006253917,0.006381555,0.006447868,0.006565705,0.006707513,0.006892679,0.007074152,0.007396669,0.007839504,0.00803123,0.008094859,0.00831336,0.008509638,0.008667549,0.008960023,0.009318469,0.009607898,0.009894043,0.010172846,0.010474839,0.010858777,0.011452818,0.012145208,0.012856237,0.013786831,0.015772969,0.015751552,0.016839571,0.018072773,0.019213731,0.020255641,0.02148082,0.022737438,0.023952072,0.025453458,0.027042933,0.02855716,0.029815986,0.03058136,0.030665815,0.030753521,0.032339022,0.035593839,0.039319599,0.04251259,0.045042533,0.047476606,0.049204289,0.050346701,0.051898448,0.053713475,0.055603141
100+ Males,,0.000167496,0.000179635,0.00018959,0.000195702,0.000209224,0.000229953,0.00024325,0.000261944,0.000286021,0.000310155,0.000330556,0.000363211,0.000401218,0.000423572,0.000444646,0.000467804,0.000489314,0.000512676,0.000546501,0.000565648,0.000581002,0.000614515,0.00064662,0.000671021,0.00070149,0.000740199,0.00078059,0.00081215,0.000841713,0.000869153,0.000901202,0.000936493,0.000965016,0.000981662,0.001005117,0.001031732,0.001039477,0.001060789,0.001178879,0.0011676,0.001244553,0.001349344,0.001459505,0.001557998,0.001661959,0.001790544,0.001926256,0.002073588,0.002226439,0.002396562,0.002558467,0.002725586,0.002929935,0.00313561,0.003328405,0.003430603,0.003429785,0.003381837,0.003400624,0.003668552,0.004142425,0.004538282,0.004788843,0.004980858,0.005198286
0-4 Female,,3.862282738,3.947275269,4.030706465,4.117104366,4.195757661,4.25165204,4.269689986,4.254178061,4.216265798,4.149736637,4.053365752,3.946290347,3.835139965,3.704561592,3.553181645,3.388807412,3.214352026,3.055832726,2.955560058,2.926018455,2.946534041,2.99236032,3.047129786,3.08757997,3.105127783,3.115550318,3.132680358,3.158393315,3.184405295,3.206654177,3.208858216,3.205211069,3.219505765,3.253970933,3.261506655,3.216132853,3.154543078,3.092377005,3.244128553,2.998712683,2.950181032,2.894902363,2.846519305,2.816346578,2.806816126,2.818574319,2.851957504,2.904403211,2.962250684,3.008868798,3.040568691,3.064582299,3.080932548,3.078843317,3.060422789,3.032407906,2.991345955,2.937760281,2.879319974,2.81661053,2.762504586,2.697873257,2.615679424,2.545687066,2.498918832
5-9 Females,,3.550507807,3.534549044,3.548665154,3.577256838,3.621476926,3.686814685,3.770457548,3.864109371,3.958741604,4.044576157,4.090824574,4.089331107,4.074750954,4.048952406,3.994784199,3.927068332,3.8587466,3.773330079,3.654187892,3.507630461,3.345191931,3.17526195,3.023156892,2.922799876,2.895408963,2.927004513,2.984024573,3.040886396,3.11208633,3.162476036,3.179400951,3.200099452,3.205973022,3.186187829,3.17479936,3.171954079,3.168392478,3.181647507,3.425499502,3.213343719,3.1624409,3.102947559,3.050179816,3.010763624,2.973974303,2.926992194,2.870086584,2.810183327,2.76425237,2.742328903,2.743419842,2.770881891,2.826497278,2.892376221,2.948188175,2.992832855,3.031122352,3.057643705,3.062657029,3.050538089,3.03530629,3.007271462,2.958212993,2.903015917,2.845277385
10-14 Females,,3.971836599,3.884644958,3.72864624,3.588702626,3.495607455,3.435097449,3.405544647,3.41088679,3.442974542,3.496599496,3.577744167,3.677227861,3.77499292,3.868583659,3.956528661,4.021986288,4.05476047,4.05933571,4.035869985,3.981844136,3.91193881,3.839381956,3.749849115,3.631556297,3.48860168,3.330294572,3.165655458,3.011956612,2.950200288,2.96181193,2.988218959,3.040051304,3.087399089,3.117485281,3.132046541,3.146956927,3.167229499,3.176381204,3.368574912,3.143277527,3.133772144,3.124192976,3.136275471,3.166309297,3.167821881,3.122697871,3.071095297,3.018317308,2.971046811,2.928859154,2.882696015,2.825088147,2.762806378,2.71642794,2.69467904,2.699336627,2.73347774,2.792739135,2.85942258,2.91662402,2.956134005,2.984209129,3.015655646,3.033413634,3.028720166
15-19 Females,,3.426848111,3.552588208,3.697138616,3.784192426,3.807449204,3.807052339,3.756939817,3.629109516,3.500875759,3.425545215,3.389014654,3.38157224,3.399140762,3.437308953,3.500304378,3.590398898,3.695737407,3.80257932,3.904068863,3.9950995,4.060184899,4.092016808,4.093269923,4.02050364,3.932504654,3.880817089,3.825631461,3.738523629,3.670131808,3.579704322,3.424695131,3.253467368,3.074746467,2.969822848,2.945139589,2.967010792,3.014292601,3.063198472,3.299706892,3.097610265,3.1028361,3.123656612,3.142185708,3.136011926,3.129480486,3.120664737,3.105322371,3.114623781,3.151380321,3.165461227,3.129199271,3.074829621,3.009150714,2.950286395,2.904906579,2.861595102,2.810701013,2.755597698,2.714368757,2.696743349,2.69748039,2.724412821,2.772908957,2.829728443,2.895141295
20-24 Females,,3.172535758,3.161011673,3.162787328,3.186379748,3.225167969,3.281994958,3.396933975,3.561764526,3.688217921,3.746964676,3.770406219,3.729564254,3.608688928,3.493862947,3.429378051,3.39773304,3.399809168,3.432726221,3.480567861,3.546135409,3.636893952,3.740226617,3.841411535,3.929431146,3.995365917,4.040535767,4.052325145,4.027376713,4.010017442,4.0016736,3.961340647,3.91859777,3.840856388,3.697763609,3.547877097,3.4110563,3.255382629,3.106719895,3.231968631,3.014860233,3.042140835,3.094765476,3.150806695,3.19915931,3.246410937,3.307736195,3.361222819,3.377478716,3.344988632,3.305077743,3.284267473,3.275993939,3.279470796,3.293128668,3.286462949,3.23852395,3.177568091,3.116007528,3.068743696,3.031861553,3.002943408,2.97683202,2.910702974,2.82352603,2.796984242
25-29 Females,,3.094789024,3.058959928,3.045988555,3.044428499,3.051212179,3.053764168,3.038104145,3.030651903,3.054077854,3.098982956,3.160923825,3.283363896,3.46032919,3.598252114,3.664268372,3.697984914,3.676632808,3.577863407,3.476443291,3.415047471,3.381180287,3.375183509,3.395563673,3.452462858,3.535348167,3.629893183,3.734124412,3.830073376,3.878615455,3.904781433,3.947278764,3.969590574,3.971878504,3.973316962,3.967543649,3.932916771,3.896815348,3.849636418,3.995454911,3.625317835,3.518603323,3.385188108,3.251954225,3.185841104,3.186932747,3.240786337,3.317932843,3.393755409,3.446680958,3.469288614,3.481723385,3.481452119,3.45509489,3.401822065,3.362205357,3.341296726,3.325499563,3.326064242,3.340519435,3.332027188,3.29641715,3.270542046,3.228182019,3.173320261,3.131608324
30-34 Females,,3.253167993,3.20025158,3.15629809,3.089121307,3.009304446,2.952264897,2.917512668,2.901839283,2.903701234,2.915616604,2.914956024,2.898147217,2.900613955,2.941996553,3.002297627,3.077356702,3.214352026,3.403350591,3.54922407,3.622924736,3.660492933,3.633897795,3.525777611,3.418464449,3.366928662,3.355574398,3.372163038,3.403625833,3.491295763,3.587418271,3.646392472,3.712095071,3.770597348,3.817901469,3.861196055,3.906323874,3.93317474,3.943252732,4.219119975,3.966737985,3.951489506,3.931641975,3.89750032,3.798075679,3.670554515,3.562292198,3.437183795,3.313590747,3.253345108,3.247392279,3.282489878,3.339017805,3.395115658,3.432063078,3.438937499,3.43647568,3.431950369,3.41399955,3.373063553,3.338453859,3.315084788,3.311841739,3.336987766,3.362664193,3.363737663
35-39 Females,,3.597176404,3.460752983,3.355720609,3.269497301,3.196796838,3.139120761,3.082410333,3.021620303,2.958601037,2.897176824,2.844430823,2.809874396,2.802087283,2.818233412,2.842458166,2.851364703,2.844135238,2.855301597,2.90403942,2.972422902,3.051970776,3.186511478,3.372191212,3.51355952,3.582750087,3.620627447,3.599401197,3.498007559,3.418726037,3.40221529,3.408853506,3.438562784,3.471043974,3.511277116,3.55929371,3.606696802,3.663898765,3.719297995,4.013170847,3.804932771,3.853066491,3.885118288,3.900765311,3.915925163,3.922040493,3.896186645,3.86854386,3.829980845,3.732977494,3.61202642,3.497586835,3.362576569,3.237795056,3.17614353,3.168676883,3.201830421,3.255443933,3.312395228,3.353870253,3.366736875,3.372995593,3.384547347,3.380520038,3.349797827,3.326257648
40-44 Females,,3.272732678,3.353968321,3.436416544,3.528642529,3.557804353,3.456799462,3.320869989,3.21893665,3.139924079,3.080085157,3.030436842,2.981367289,2.9291361,2.874189422,2.820956878,2.779015176,2.757615617,2.761419562,2.785856323,2.815413007,2.825904197,2.817743984,2.826175913,2.875853242,2.944856894,3.022274653,3.153366886,3.329125972,3.474589505,3.545705935,3.56610883,3.533400469,3.436033132,3.363887751,3.348865639,3.355406384,3.383872952,3.422901655,3.697897036,3.510898143,3.554378733,3.605282944,3.654658241,3.693362188,3.727504865,3.763527934,3.783402048,3.785848843,3.787912986,3.787421779,3.761659715,3.735240246,3.70017751,3.607764424,3.489195025,3.381942407,3.260840533,3.14830076,3.093291104,3.088370963,3.111503155,3.157998275,3.225442184,3.290515284,3.325219148
45-49 Females,,3.598681966,3.508344985,3.377414599,3.19973969,3.070640378,3.086594052,3.175993782,3.277102698,3.384682309,3.416449748,3.321207557,3.19316051,3.101221199,3.034725028,2.987108529,2.950548035,2.916235218,2.877991076,2.832942647,2.785750306,2.747330359,2.726824209,2.729387242,2.750603045,2.775781957,2.782446665,2.771131306,2.777434987,2.826115948,2.900075854,2.986543805,3.122810145,3.297873017,3.423425236,3.474912148,3.49254423,3.460096111,3.368957127,3.520346529,3.286542206,3.295609816,3.320072151,3.350139078,3.385107669,3.416096954,3.443924836,3.481522073,3.519683642,3.549272888,3.576581945,3.607131141,3.622664564,3.627240274,3.638665484,3.645096645,3.625089992,3.605662896,3.577127994,3.49433698,3.3873207,3.31615974,3.22490505,3.110935294,3.04603831,3.024033898
50-54 Females,,3.530065671,3.516808643,3.493355524,3.465216353,3.43311246,3.385144369,3.3070011,3.184109056,3.020354491,2.909584816,2.936961353,3.032775078,3.133978424,3.243636839,3.287731714,3.208247537,3.095500312,3.017618774,2.960263172,2.917965981,2.884821694,2.853691324,2.818055861,2.773123086,2.724303958,2.684385321,2.659751798,2.657317585,2.671468642,2.692023075,2.698961131,2.690857713,2.700289156,2.747251617,2.821175724,2.909221751,3.044248748,3.216824629,3.561601848,3.388359637,3.402377266,3.364941205,3.272405763,3.19864945,3.170467719,3.163362207,3.175830536,3.196353384,3.22326319,3.250899131,3.278487114,3.317460324,3.359606227,3.393917034,3.425848959,3.462279378,3.483992041,3.493059796,3.50858814,3.522003646,3.51895743,3.517123989,3.505131169,3.44619584,3.350713021
55-59 Females,,3.285683171,3.29713172,3.304749026,3.319871067,3.332073978,3.325989503,3.30892515,3.283116488,3.254747162,3.226660308,3.186576049,3.118002651,3.010758118,2.866235877,2.77185732,2.810712006,2.91549146,3.023774447,3.134499129,3.17617343,3.096370334,2.9850412,2.909806583,2.852314243,2.810953866,2.781681733,2.750559312,2.712580731,2.6703183,2.624339337,2.578487732,2.550879,2.549874901,2.566248954,2.590852197,2.602468849,2.59923771,2.616029838,2.842740154,2.733783074,2.817836737,2.945288546,3.102844586,3.209095724,3.242101477,3.240977769,3.193763059,3.093767644,3.016812147,2.991745701,2.988193117,3.003965956,3.031231539,3.064519526,3.09662979,3.128207826,3.169244034,3.213126846,3.250623127,3.28749496,3.322986575,3.345844124,3.371517306,3.407560342,3.433427088
60-64 Females,,2.892916269,2.91673039,2.938750004,2.984778445,3.030667503,3.044612052,3.048095671,3.056908118,3.071286201,3.082503282,3.084049793,3.073392098,3.054515851,3.036826871,3.023183525,3.000574598,2.950492539,2.858267286,2.724965059,2.636182768,2.672130595,2.769769203,2.871311392,2.973209903,3.006931638,2.92909615,2.823413245,2.748069244,2.712012925,2.690707979,2.655957951,2.619246434,2.573432027,2.526225468,2.484295994,2.448534403,2.429844143,2.436402381,2.61954082,2.479227599,2.490818878,2.485202801,2.495781377,2.537399801,2.59320287,2.656999553,2.762306354,2.901427709,2.996227661,3.026681427,3.029607912,2.988535139,2.900693103,2.84013313,2.825475022,2.827452731,2.847143235,2.876429062,2.911434144,2.947098929,2.969628808,2.996319588,3.043121459,3.090555908,3.131102091
65-69 Females,,2.469830672,2.483262909,2.490936279,2.499479665,2.523247692,2.56246016,2.601410647,2.638229358,2.679788167,2.715575829,2.734486818,2.746251621,2.762502218,2.783075148,2.801518746,2.810832959,2.810748005,2.806624067,2.801065788,2.792998777,2.772215717,2.723121136,2.634080111,2.506427647,2.424208123,2.46169497,2.553149223,2.64387667,2.74959543,2.797246517,2.729014549,2.637430723,2.569703636,2.516026893,2.480635851,2.453484998,2.424806283,2.389951812,2.510750997,2.320639658,2.292625005,2.277457834,2.282000066,2.296060613,2.309538041,2.306630447,2.286665339,2.28642679,2.321129717,2.375051825,2.438836837,2.543437947,2.68349802,2.779930652,2.813097179,2.821729452,2.788962856,2.710682858,2.657400072,2.648272867,2.655730981,2.670523866,2.695671442,2.737354718,2.771603187
70-74 Females,,2.003597702,2.008418806,2.010573122,2.019295238,2.030001412,2.041319332,2.059872887,2.079096038,2.098808241,2.129020971,2.17406684,2.221248769,2.260788847,2.300167359,2.338434469,2.365118958,2.385980708,2.411573293,2.438838779,2.459362757,2.4703968,2.474116539,2.472860401,2.468411986,2.459440261,2.438664007,2.393545789,2.312366351,2.224569667,2.175884509,2.205982929,2.278578575,2.351395235,2.435321447,2.469029593,2.414655756,2.340279315,2.285695104,2.391434947,2.212829567,2.192678046,2.172087579,2.14524835,2.116073434,2.085683794,2.05564068,2.035339749,2.033752914,2.043371357,2.055026048,2.054415999,2.0431126,2.053529249,2.094329971,2.149785711,2.212576497,2.31163091,2.442880216,2.534856279,2.570664068,2.585630459,2.586000401,2.534404026,2.476722353,2.464568781
75-79 Females,,1.433962546,1.44732708,1.462261619,1.495607127,1.532287368,1.539073255,1.528822296,1.528967032,1.53758008,1.54406918,1.559144643,1.582834594,1.604677853,1.625027245,1.656371073,1.701049012,1.747365377,1.790695808,1.83418778,1.872771984,1.900975891,1.924214588,1.949752139,1.977210237,1.998710393,2.008884012,2.01032522,2.010395807,2.01873391,2.03065381,2.028587405,2.004698795,1.949442771,1.859137412,1.798788905,1.828351571,1.894539271,1.962135729,2.168655862,2.057933078,2.015563692,1.958378513,1.91428385,1.878893364,1.855391117,1.838545836,1.821584334,1.800017593,1.77748519,1.757362848,1.740529187,1.732983096,1.741952436,1.75952008,1.776013091,1.779263716,1.771772167,1.782231341,1.820611473,1.874861042,1.919356278,1.973623495,2.09554797,2.219610511,2.270020703
80-84 Females,,0.840015713,0.852244579,0.858955843,0.863615512,0.875046578,0.903693778,0.939188773,0.964711258,0.981487631,0.997091506,1.004947741,1.005872873,1.011246035,1.01988687,1.030281458,1.047064422,1.066528473,1.086787932,1.108827674,1.13529383,1.172268081,1.212856865,1.249597972,1.284723419,1.31830445,1.344869036,1.365881735,1.389396043,1.414864151,1.434971156,1.449003206,1.459130177,1.466981656,1.474527924,1.485678556,1.491664678,1.477880566,1.436973462,1.46298197,1.333176452,1.363995068,1.422778431,1.477944047,1.527742088,1.544240809,1.515884786,1.475539706,1.444623096,1.421464511,1.410963694,1.408683902,1.407178715,1.401102856,1.391266783,1.382283917,1.374400618,1.373070314,1.384880513,1.402309305,1.420063406,1.426432936,1.414850331,1.416567723,1.449211173,1.49852802
85-89 Females,,0.335763035,0.350077005,0.361364388,0.370857679,0.381700315,0.394514168,0.405078358,0.415793741,0.425004166,0.434699864,0.453068323,0.476200164,0.491964663,0.501137407,0.510837448,0.518077759,0.521370346,0.528168553,0.539252436,0.549217121,0.56201891,0.578759281,0.595359136,0.611488519,0.63292608,0.65811105,0.68290915,0.709248172,0.735575114,0.758464293,0.779973438,0.800136495,0.819300136,0.837185278,0.853913335,0.868285197,0.877598096,0.885115249,0.952434439,0.901524794,0.907005185,0.902328105,0.878057435,0.837525718,0.818943607,0.847137083,0.892390365,0.932341172,0.963599961,0.976650082,0.967841874,0.952723834,0.941948959,0.934296987,0.933777123,0.935627627,0.935617963,0.933043522,0.928508061,0.927645977,0.927940333,0.929635457,0.942623306,0.962087374,0.976937779
90-94 Females,,0.086386107,0.089074515,0.092290966,0.095284643,0.100527457,0.107755824,0.114245039,0.120772404,0.126202387,0.130921354,0.136383096,0.141675587,0.146202076,0.150248855,0.154838086,0.162221248,0.170679857,0.176964048,0.182625728,0.187722068,0.192110841,0.196875626,0.202169924,0.207879895,0.214540675,0.221368946,0.228461025,0.237740343,0.24828091,0.258788913,0.271732333,0.286253991,0.30068298,0.313114041,0.324720055,0.336071293,0.34544253,0.354881727,0.388333403,0.371332462,0.378034393,0.385294993,0.390554355,0.394420817,0.400370916,0.405169666,0.404050149,0.394872302,0.379500664,0.377471264,0.399078063,0.428586218,0.451904107,0.466236852,0.472969568,0.469333342,0.461633851,0.457363372,0.455082833,0.458558572,0.462089743,0.462081607,0.463278423,0.465357116,0.466575776
95-99 Females,,0.013411107,0.013890534,0.01415919,0.014506198,0.015264087,0.016203385,0.017265239,0.018652572,0.019827795,0.021159043,0.02278501,0.024378085,0.025726102,0.02682564,0.027792135,0.028916688,0.030061676,0.031280364,0.032768707,0.034198555,0.036462753,0.039412422,0.041488472,0.042829972,0.044436532,0.045964764,0.047432763,0.04934605,0.051542672,0.053441526,0.055778628,0.058651541,0.061863229,0.064877867,0.068170385,0.071982237,0.075675976,0.07946505,0.088183085,0.085177008,0.088009404,0.091512494,0.094498303,0.096773052,0.099021181,0.101422375,0.104022721,0.106677664,0.108934299,0.112086454,0.115151666,0.116406619,0.114677077,0.111139453,0.111969451,0.118789392,0.127618345,0.13423212,0.137245872,0.139160605,0.138601979,0.136279974,0.135967949,0.137048567,0.138644089
100+ Females,,0.001056367,0.001108066,0.001152558,0.001190988,0.001273859,0.001394433,0.001494248,0.001597129,0.001696215,0.001803225,0.001918662,0.002070124,0.002230772,0.0023688,0.002520252,0.002694764,0.002852256,0.003008412,0.003211362,0.003390328,0.003594394,0.003850486,0.004089337,0.004301282,0.004557911,0.004909339,0.005310834,0.005658685,0.005948108,0.006166263,0.006442633,0.006810855,0.007205567,0.007518014,0.007842672,0.008234943,0.008598841,0.008987618,0.009964077,0.009685811,0.010188406,0.010857157,0.011429147,0.011827075,0.012215399,0.012679035,0.01322499,0.013817963,0.014296931,0.014827326,0.015446033,0.016131502,0.016738463,0.017182959,0.017733507,0.017913159,0.017696779,0.017206078,0.016585156,0.017049379,0.018523618,0.019725491,0.020362484,0.020628118,0.020759875
Sex ratio at birth (male births per female births),SP.POP.BRTH.MF,1.061,1.061,1.061,1.057,1.06,1.059,1.061,1.059,1.059,1.059,1.06,1.061,1.063,1.065,1.061,1.061,1.059,1.06,1.059,1.059,1.052,1.053,1.054,1.056,1.051,1.053,1.053,1.053,1.05,1.051,1.05,1.052,1.052,1.053,1.054,1.052,1.054,1.052,1.052,1.054,1.052,1.051,1.053,1.052,1.054,1.05,1.049,1.053,1.051,1.052,1.052,1.051,1.053,1.054,1.054,1.055,1.054,1.053,1.055,1.055,1.055,1.055,1.055,1.055,
